No,ARO,Municipio,UbicaciÛn,No. filtros ,Poblacion,Objeto,Tipo de filtro, Comunidad,Enfoque Diferencial,Lugar de entrega,COD. SISA,Fecha de entrega ,AÒo,Equipo,Responsable 
16,TULUA,CALIMA ,El Mirador,1,73,Institucion Educativa ,LIFESTRAW,Estudiantes ,NA,I.E. Pablo Sexto sede principal,59612,6/02/2024,2024,UES,Cristian Amaris - Principal
17,CALI,PRADERA,Arenillo,1,66,Institucion Educativa ,LIFESTRAW,Estudiantes ,NA,I.E. Mercedes Abrego sede Simbad Arturo Bueno,,9/02/2024,2024,UES,Cristian Amaris - Principal
18,CALI,DAGUA , Cauchal,43,207,Viviendas,EKOFIL,Consejo comunitario ,Consejo comunitario ,Casa Comunal ,,13/02/2024,2024,FGA,Adriana Mosquera - Celsia
19,CALI,DAGUA ,Danubio ,23,104,Viviendas,EKOFIL,Consejo comunitario ,Consejo comunitario ,Escuela ,,13/02/2024,2024,FGA,Adriana Mosquera - Celsia
20,CALI,FLORIDA,El Llanito,1,78,Institucion Educativa ,LIFESTRAW,Estudiantes ,NA,I.E. Jose Maria Cordoba - sede principal,,16/02/2024,2024,UES,Cristian Amaris - Principal
21,CALI,BUENAVENTURA,Barrio San Francisco,1,47,Institucion Educativa ,LIFESTRAW,Estudiantes  - Comunidad Afro,Desplazados por violencia (Interna),I.E. Francisco y Clara de Asis ,,24/02/2024,2024,UES,Cristian Amaris - Principal
22,CALI,PRADERA,Arenillo,57,243,Viviendas,EKOFIL,Desplazados Por Violencia ,Desplazados por violencia ,Casa Comunal,,5/03/2024,2024,UES,Cristian Amaris - Principal
23,CALI,FLORIDA,La Union ,1,10,Institucion Educativa ,EKOFIL,Estudiantes ,NA,I.E. Jose Maria Cordoba - sede Cartagena de Indias,,21/03/2024,2024,UES,Cristian Amaris - Principal
24,CALI,FLORIDA,Tamboral,1,22,Institucion Educativa ,EKOFIL,Estudiantes ,NA,I.E. Jose Maria Cordoba - sede Tamboral,,21/03/2024,2024,UES,Cristian Amaris - Principal
25,CALI,FLORIDA,Puerto Nuevo ,1,20,Institucion Educativa ,EKOFIL,Estudiantes ,NA,I.E. Jose Maria Cordoba - sede Maria Auxiliadora,,21/03/2024,2024,UES,Cristian Amaris - Principal
26,CALI,FLORIDA,San Joaquin ,1,25,Institucion Educativa ,EKOFIL,Estudiantes ,NA,I.E. Jose Maria Cordoba - sede San Joaquin ,,21/03/2024,2024,UES,Cristian Amaris - Principal
27,CALI,FLORIDA,CaÒadas Arriba,1,10,Institucion Educativa ,EKOFIL,Estudiantes ,NA,I.E. Jose Maria Cordoba - sede Camilo Torres ,,21/03/2024,2024,UES,Cristian Amaris - Principal
28,CALI,GUACARI,Alto Magladalena ,1,14,Institucion Educativa ,EKOFIL,Estudiantes ,NA,I.E. General Santander sede Hebert Marino Saavedra,,22/03/2024,2024,UES,Javier Grueso - Principal 
29,CALI,GUACARI,Alto Magladalena ,1,12,Institucion Educativa ,EKOFIL,Estudiantes ,NA,I.E. General Santander sede Virgen de Fatima,,22/03/2024,2024,UES,Javier Grueso - Principal 
30,CALI,GUACARI,Chafalote,1,24,Institucion Educativa ,EKOFIL,Estudiantes ,NA,I.E. General Santander sede San Roque ,,22/03/2024,2024,UES,Javier Grueso - Principal 
31,CALI,BUENAVENTURA,Resguardo indigena Wounan Nonan,56,257,Viviendas,EKOFIL,Cabildo Indigena ,Cabildo indigena ,Resguardo Wounan Nonan,,4/04/2024,2024,FGA,Vanessa Santamaria - Celsia
32,CALI,BUENAVENTURA,San Cipriano,22,110,Viviendas,EKOFIL,Consejo Comunitario - Comunidad Afro,Consejo comunitario ,Casa Comunal JAC ,,30/05/2024,2024,FGA,Diana Valencia - Celsia 
33,CALI,BUENAVENTURA,Barrio Miramar,40,163,Viviendas,EKOFIL,Junta De Accion Comunal - Comunidad Afro,Consejo comunitario ,Casa Comunal JAC,,31/05/2024,2024,FGA,Diana Valencia - Celsia 
34,CALI,LA CUMBRE,La Guaira,32,111,Viviendas,EKOFIL,Campesinos ,NA,Escuela ,,19/06/2024,2024,FGA,Gabriela Rojas - Celsia
35,TULUA,RIOFRIO,El Carmen,33,124,Viviendas,EKOFIL,Campesinos ,NA,Caseta,,26/06/2024,2024,FGA,Oscar Montoya - Celsia
36,TULUA,RIOFRIO,Salonica,17,71,Viviendas,EKOFIL,Campesinos,NA,Alcaldia municipal,,26/06/2024,2024,FGA,Oscar Montoya - Celsia
37,TULUA,RIOFRIO,Corozal - El Rubi,19,79,Viviendas,EKOFIL,Campesinos,NA,Caseta Comunal,,26/06/2024,2024,FGA,Oscar Montoya - Celsia
38,TULUA,RIOFRIO,Puerto Fenicia ,8,29,Viviendas,EKOFIL,Campesinos ,NA,Alcaldia municipal,,26/06/2024,2024,FGA,Oscar Montoya - Celsia
39,TULUA,RIOFRIO,Volcanes,15,61,Viviendas,EKOFIL,Camoesinos ,NA,Parque principal,,26/06/2024,2024,FGA,Oscar Montoya - Celsia
40,CARTAGO,OBANDO,Villarodas,2,127,Institucion Educativa ,EKOFIL,Estudiantes ,NA,I.E. Maris Analia Ortiz,,4/07/2024,2024,UES,Cristian Amaris - Principal
41,CARTAGO,OBANDO,Villarodas,70,214,Viviendas,EKOFIL,Campesinos,NA,I.E. Maris Analia Ortiz,,4/07/2024,2024,UES,Cristian Amaris - Principal
42,CALI,VIJES,Charco Oscuro,64,177,Viviendas,EKOFIL,Na,NA,Parque principal,,11/07/2024,2024,UES,Cristian Amaris - Principal
43,TULUA,ANDALUCIA,Union Cascajeros,61,205,Viviendas,EKOFIL,Campesinos,NA,I.E. Agricola Campo Alegre sede Santa Matilde ,,17/07/2024,2024,UES,Cristian Amaris - Principal
44,TULUA,ANDALUCIA,Union Cascajeros,1,14,Institucion Educativa ,EKOFIL,Estudiantes ,NA,I.E. Agricola Campo Alegre sede Santa Matilde ,,17/07/2024,2024,UES,Cristian Amaris - Principal
45,TULUA,ANDALUCIA,Altaflor ,21,61,Viviendas,EKOFIL,Campesinos,NA,I.E. Jose Maria Cordoba ,,17/07/2024,2024,UES,Cristian Amaris - Principal
46,TULUA,ANDALUCIA,Altaflor,1,10,Institucion Educativa ,EKOFIL,Estudiantes ,NA,I.E. Jose Maria Cordoba ,,17/07/2024,2024,UES,Cristian Amaris - Principal
47,CALI,DAGUA ,Juntas,70,285,Viviendas,EKOFIL,Consejo Comunitario,Consejo Comunitario,Casa Comunal ,,1/08/2024,2024,FGA,Gabriela Rojas - Celsia
48,TULUA,YOTOCO,Calimita,2,16,Institucion Educativa ,EKOFIL,Estudiantes ,NA,InstituciÛn Educativa Gabriela Mistral sede Arcelia GirÛn,141173,1/08/2024,2024,SACYR,Roger Donado - ARO Tulua 
49,CALI,DAGUA,Cisneros,30,387,Institucion Educativa ,EKOFIL,Estudiantes ,Consejo Comunitario,InstituciÛn Educativa Francisco Javier Cisneros,NA,23/08/2024,2024,SACYR,Cristian Amaris - Principal
50,CALI,DAGUA,Zabaletas,13,114,Institucion Educativa ,EKOFIL,Estudiantes ,NA,InstituciÛn Educativa Camilo Torres ñ Sede Juan del Corral,141502,6/08/2024,2024,SACYR,Jose Moreno -  ARO Cali 
51,CALI,DAGUA ,Trapiche,2,12,Institucion Educativa ,EKOFIL,Estudiantes ,NA,InstituciÛn Educativa Camilo Torres ñSede MarÌa Montessori,141505,8/08/2024,2024,SACYR,Cristian Amaris - Principal
52,CALI,DAGUA ,Loboguerrero,25,414,Institucion Educativa ,EKOFIL,Estudiantes ,NA,InstituciÛn Educativa Camilo Torres ñ Sede principal ,141517,8/08/2024,2024,SACYR,Cristian Amaris - Principal
53,TULUA,YOTOCO,Puente Tierra,5,276,Institucion Educativa ,EKOFIL,Estudiantes ,NA,InstituciÛn Educativa Gabriela Mistral,141283,15/08/2024,2024,SACYR,Roger Donado - ARO Tulua 
54,CALI,DAGUA ,El Naranjo,4,180,Institucion Educativa ,EKOFIL,Estudiantes ,NA,InstituciÛn Educativa San Pedro Clavel Sede Principal,141256,23/08/2024,2024,SACYR,Diego Sanchez -  ARO Cali 
55,TULUA,YOTOCO,MuÒecos,2,19,Institucion Educativa ,EKOFIL,Estudiantes ,NA,InstituciÛn Educativa Gabriela Mistral sede Santo Tomas de Aquino,141284,,2024,SACYR,Roger Donado - ARO Tulua 
56,TULUA,YOTOCO,El Bosque ,2,65,Institucion Educativa ,EKOFIL,Estudiantes ,NA,InstituciÛn Educativa San Juan Bosco - Sede Diego Renato Salazar,138485,,2024,SACYR,Roger Donado - ARO Tulua 
57,TULUA,YOTOCO,Buenos Aires ,1,7,Institucion Educativa ,EKOFIL,Estudiantes ,NA,InstituciÛn Educativa Gabriela Mistral sede Camilo Torres,141302,,2024,SACYR,Roger Donado - ARO Tulua 
58,TULUA,YOTOCO,Colorados ,1,9,Institucion Educativa ,EKOFIL,Estudiantes ,NA,InstituciÛn Educativa Gabriela Mistral sede Manuela Beltr·n,141304,,2024,SACYR,Roger Donado - ARO Tulua 
59,TULUA,YOTOCO,Cordobitas ,1,12,Institucion Educativa ,EKOFIL,Estudiantes ,NA,InstituciÛn Educativa Gabriela Mistral sede JosÈ MarÌa Cordoba,141282,,2024,SACYR,Roger Donado - ARO Tulua 
60,TULUA,YOTOCO,El Caney,1,,Institucion Educativa ,EKOFIL,Estudiantes,NA,InstituciÛn Educativa Gabriela Mistral sede Nuestra SeÒora de Fatima,141459,18/10/2024,2024,SACYR,Roger Donado - ARO Tulua 
61,TULUA,YOTOCO,Delirio ,1,15,Institucion Educativa ,EKOFIL,Estudiantes ,NA,InstituciÛn Educativa San Juan Bosco - Sede Carlos Alfonso Gil,141381,,2024,SACYR,Roger Donado - ARO Tulua 
62,TULUA,YOTOCO,Jiguales,3,23,Institucion Educativa ,EKOFIL,Estudiantes ,NA,InstituciÛn Educativa Gabriela Mistral sede Vicente H. Cruz,138454,22/08/2024,2024,SACYR,Roger Donado - ARO Tulua 
63,CALI,BUENAVENTURA,Umanes Mar ,1,168,Institucion Educativa ,LIFESTRAW,Estudiantes ,Consejo Comunitario,InstituciÛn Educativa Gabriela Mistral sede San Martin,,14/08/2024,2024,FGA,Alejandra Restrepo - FGA
64,CALI,BUENAVENTURA,San Jose De Anchicaya,1,76,Institucion Educativa ,LIFESTRAW,Estudiantes ,Consejo Comunitario,I.E. Silvano Caicedo Giron ,,14/08/2024,2024,FGA,Alejandra Restrepo - FGA
65,CALI,GUACARI,Pomares ,28,112,Viviendas,EKOFIL,Campesinos ,Desplazos por violencia ,Casa Comunal ,,23/08/2024,2024,FGA,Oscar Montoya - Celsia
66,TULUA,SAN PEDRO,Buenos Aires ,55,220,Viviendas,EKOFIL,Campesinos ,NA,Coliseo del corregimiento ,,24/08/2024,2024,FGA,Oscar Montoya - Celsia
67,CALI,EL CERRITO,Albecia,35,118,Viviendas,EKOFIL,Campesinos,NA,I.E. Herando Borrero Cuadros sede Mercedes Abrego,,27/08/2024,2024,UES,Cristian Amaris - Principal
68,CARTAGO,VERSALLES,Campo Alegre,1,35,Institucion Educativa ,LIFESTRAW,Estudiantes,Cabildo indigena ,I.E. La Inmalucada sede Simos Bolivar ,,9/03/2024,2024,UES,Cristian Amaris - Principal
69,CALI,DAGUA ,Cisneros,4,90,Institucion Educativa ,EKOFIL,Estudiantes ,Consejo Comunitario,InstituciÛn Educativa San Pedro Claver - Genral Carlos Alban,141263,23/08/2024,2024,SACYR,Diego Sanchez -  ARO Cali 
70,CARTAGO,EL AGUILA,Villa Nueva,1,126,Institucion Educativa ,LIFESTRAW,Estudiantes ,NA,Institucion Educativa Jose Maria Cordoba ,,18/09/2024,2024,FGA,Yustin Valencia - Celsia
71,CARTAGO,EL AGUILA,San Jose Cordoba,1,66,Institucion Educativa ,LIFESTRAW,Estudiantes ,NA,Institucion Educativa Santa Isabel ,,18/09/2024,2024,FGA,Yustin Valencia - Celsia
72,CALI,GINEBRA,Portugal Bajo ,17,59,Viviendas,EKOFIL,Campesinos ,Desplazos por violencia ,Casa Lider,,19/09/2024,2024,UES,Cristian Amaris - Principal
73,TULUA,ANDALUCIA,PeÒon Alto ,31,124,Viviendas,EKOFIL,,,,,16/07/1905,2024,FGA,Yustin Valencia - Celsia
74,TULUA,BUGALAGRANDE,San Isidro,32,128,Viviendas,EKOFIL,,,,,16/07/1905,2024,FGA,Yustin Valencia - Celsia
75,TULUA,RIOFRIO,La Zulia,1,105,Institucion Educativa ,LIFESTRAW,Estudiantes ,NA,Institucion Educativa Camilo Torres,,23/09/2024,2024,FGA,Oscar Montoya - Celsia
76,TULUA,RIOFRIO,Fenicia ,1,116,Institucion Educativa ,LIFESTRAW,Estudiantes ,NA,Institucion Educativa Nemesio Rodriguez sede Las Amaericas,,23/09/2024,2024,FGA,Oscar Montoya - Celsia
77,CARTAGO,LA UNION,Despensitas - Jardin Ojedas - Paramillo,29,93,Viviendas,EKOFIL,Campesinos,NA,Institucion Educativa ,,10/04/2024,2024,UES,Marco Gonzales - ARO Cartago
78,CARTAGO,OBANDO,Buenos Aires ,32,96,Viviendas,EKOFIL,,,,,18/10/2024,2024,UES,Ana Mendez - ARO Cartago
79,CARTAGO,EL CAIRO,La Miranda - La Guardia,35,97,Viviendas,EKOFIL,,,,,17/10/2024,2024,UES,Edward Jaimes - ARO Cartago
80,CARTAGO,EL DOVIO,Alto Miranda,11,39,Viviendas,EKOFIL,,,,,19/10/2024,2024,UES,Marco Gonzales - ARO Cartago
81,CARTAGO,EL AGUILA,La Judea,56,148,Viviendas,EKOFIL,Campesinos,NA,Casa Comunal,,10/11/2024,2024,UES,Sair Renteria - ARO Cartago
82,CALI,BUENAVENTURA,Umanes Mar - San Jose Anchicaya,250,855,Viviendas,EKOFIL,Pescadores y campesinos,Concejo Comunitario,Institucion Educativa,,22/10/2024,2024,FGA,Jane Carolina - Celsia
83,CALI,BUENAVENTURA,Barrio El Futuro,50,176,Viviendas,EKOFIL,NA,Comunidad Afro - JAC ,Casa Comunal ,,19/11/2024,2024,FGA,Lucrecia Vargas - Celsia
84,TULUA,CALIMA,Gaviota Alta ,29,88,Viviendas,EKOFIL,Campesinos,NA,,104566,26/11/2024,2024,FGA,Jimena Lizarazo - Celsia
85,CALI,BUENAVENTURA,Antonio NariÒo - Bureau Veritas - Pampalinda - Porvenir - San Martin,310,1386,Viviendas,EKOFIL,NA,Comunidad Afro - JAC ,,,3/12/2024,2024,FGA,Rocio QuiÒonez - Celsia 
86,TULUA,SEVILLA,El Jardin,1,8,Institucion Educativa ,EKOFIL,,,IE JORGE ELIECER GAITAN SEDE SANTA CATALINA (D.I),276736000411,5/06/2025,2025,FGA,Yustin Valencia - Celsia
87,TULUA,SEVILLA,El Jardin + I.E.,18,72,Viviendas,EKOFIL,,,,,5/06/2025,2025,FGA,Yustin Valencia - Celsia
88,TULUA,SEVILLA,El Purnio,1,8,Institucion Educativa ,EKOFIL,,,I.E. SANTA TERESITA SEDE RODRIGO DE BASTIDAS,276736000402,5/06/2025,2025,FGA,Yustin Valencia - Celsia
89,TULUA,SEVILLA,El Purnio + I.E.,19,76,Viviendas,EKOFIL,,,,,5/06/2025,2025,FGA,Yustin Valencia - Celsia
90,CARTAGO,ARGELIA,Tarritos,1,12,Institucion Educativa ,EKOFIL,Campesinos,,IE SANTIAGO GUTIERREZ ANGEL SEDE EL CARMEN,276054000184,17/07/1905,2025,FGA,Yustin Valencia - Celsia
91,CARTAGO,ARGELIA,Tarritos,39,156,Viviendas,EKOFIL,Campesinos,,,,17/07/1905,2025,FGA,Yustin Valencia - Celsia
92,CARTAGO,ARGELIA,Maracaibo,1,4,Institucion Educativa ,EKOFIL,Campesinos,,I.E SANTIAGO GUTIERREZ ANGEL SEDE SANTA HELENA,276054000214,17/07/1905,2025,FGA,Yustin Valencia - Celsia
93,CARTAGO,ARGELIA,Maracaibo,46,184,Viviendas,EKOFIL,Campesinos,,,,17/07/1905,2025,FGA,Yustin Valencia - Celsia
94,CALI,BUENAVENTURA,Barrio DoÒa Ceci,2,30,Institucion Educativa ,EKOFIL,Adulto mayor,Comunidad Afro ,Ancianato San JosÈ,,6/08/2025,2025,SACYR,Vanessa MuÒoz - SACYR
95,CALI,BUENAVENTURA,Barrio El Jorge,20,1537,Institucion Educativa ,EKOFIL,Estudiantes,Comunidad Afro ,InstituciÛn Educativa Francisco JosÈ de Caldas,,6/08/2025,2025,SACYR,Vanessa MuÒoz - SACYR
96,CALI,BUENAVENTURA,Barrio El Jorge,4,90,Institucion Educativa ,EKOFIL,Estudiantes,Comunidad Afro ,InstituciÛn Educativa Francisco JosÈ de Caldas,,6/08/2025,2025,SACYR,Vanessa MuÒoz - SACYR
97,CALI,BUENAVENTURA,Barrio DoÒa Ceci,12,384,Institucion Educativa ,EKOFIL,Estudiantes,Comunidad Afro ,InstituciÛn Educativa Nuestra seÒora consoladora del Carpinello,,6/08/2025,2025,SACYR,Vanessa MuÒoz - SACYR
98,CALI,BUENAVENTURA,Pr 23 - Sector La Esperanza,2,12,Institucion Educativa ,EKOFIL,Estudiantes,Comunidad Afro ,InstituciÛn Educativa Empresa Kinsia TÈ,,6/08/2025,2025,SACYR,Vanessa MuÒoz - SACYR
99,CALI,BUENAVENTURA,Barrio La TransformaciÛn,15,1270,Institucion Educativa ,EKOFIL,Estudiantes,Comunidad Afro ,InstituciÛn Educativa Termarit sede principal,,6/08/2025,2025,SACYR,Vanessa MuÒoz - SACYR
100,CALI,BUENAVENTURA,Barrio El Progreso,6,90,Institucion Educativa ,EKOFIL,Estudiantes,Comunidad Afro ,InstituciÛn Educativa Termarit sede el progreso,,6/08/2025,2025,SACYR,Vanessa MuÒoz - SACYR
101,CALI,BUENAVENTURA,Barrio DoÒa Ceci,20,1200,Institucion Educativa ,EKOFIL,Estudiantes,Comunidad Afro ,InstituciÛn Educativa San Vicente,,6/08/2025,2025,SACYR,Vanessa MuÒoz - SACYR
102,CALI,BUENAVENTURA,Barrio TransformaciÛn,30,1265,Institucion Educativa ,EKOFIL,Estudiantes,Comunidad Afro ,InstituciÛn Educativa Liceo Del PacÌfico,,6/08/2025,2025,SACYR,Vanessa MuÒoz - SACYR
103,CALI,BUENAVENTURA,Barrio El Cristal,20,2513,Institucion Educativa ,EKOFIL,Estudiantes,Comunidad Afro ,InstituciÛn Educativa Normal Juan Ladrellero,,6/08/2025,2025,SACYR,Vanessa MuÒoz - SACYR
104,CALI,BUENAVENTURA,Barrio Santa Fe,17,1200,Institucion Educativa ,EKOFIL,Estudiantes,Comunidad Afro ,InstituciÛn Educativa La anunciaciÛn sede principal,,6/08/2025,2025,SACYR,Vanessa MuÒoz - SACYR
105,CALI,BUENAVENTURA,Barrio El Oriente,12,250,Institucion Educativa ,EKOFIL,Estudiantes,Comunidad Afro ,InstituciÛn Educativa la anunciaciÛn sede Liceo Mayor Latino,,6/08/2025,2025,SACYR,Vanessa MuÒoz - SACYR
106,CALI,BUENAVENTURA,Barrio San Luis,5,150,Institucion Educativa ,EKOFIL,Estudiantes,Comunidad Afro ,InstituciÛn Educativa La AnunciaciÛn Sede Diego Luis Cordoba,,6/08/2025,2025,SACYR,Vanessa MuÒoz - SACYR
107,CALI,BUENAVENTURA,Barrio La TransformaciÛn,5,140,Institucion Educativa ,EKOFIL,Estudiantes,Comunidad Afro ,InstituciÛn Educativa La AnunciaciÛn sede Misioneros del Saber - PPL (Carcel),,6/08/2025,2025,SACYR,Vanessa MuÒoz - SACYR
108,CALI,BUENAVENTURA,Barrio Centro,20,688,Institucion Educativa ,EKOFIL,Estudiantes,Comunidad Afro ,InstituciÛn Educativa San Rafael,,6/08/2025,2025,SACYR,Vanessa MuÒoz - SACYR
109,CALI,BUENAVENTURA,Barrio Centro,1,18,Institucion Educativa ,EKOFIL,Estudiantes,Comunidad Afro ,InstituciÛn Educativa sede feder Byte,,6/08/2025,2025,SACYR,Vanessa MuÒoz - SACYR
110,CALI,BUENAVENTURA,Avenida SimÛn BolÌvar - DoÒa Ceci,11,981,Institucion Educativa ,EKOFIL,Estudiantes,Comunidad Afro ,InstituciÛn Educativa TÈcnica Industrial Gerardo Valencia Cano sede Central,,6/08/2025,2025,SACYR,Vanessa MuÒoz - SACYR
111,CALI,BUENAVENTURA,CONTINENTE,10,252,Institucion Educativa ,EKOFIL,Estudiantes,Comunidad Afro ,InstituciÛn Educativa TÈcnica Industrial Gerardo Valencia Cano Sede Alfonso LÛpez Pumarejo,,6/08/2025,2025,SACYR,Vanessa MuÒoz - SACYR
112,CALI,BUENAVENTURA,CONTINENTE,11,310,Institucion Educativa ,EKOFIL,Estudiantes,Comunidad Afro ,InstituciÛn Educativa TÈcnica Industrial Gerardo Valencia Cano Sede Estela Delgado de Navia,,6/08/2025,2025,SACYR,Vanessa MuÒoz - SACYR
113,CALI,BUENAVENTURA,CONTINENTE,11,321,Institucion Educativa ,EKOFIL,Estudiantes,Comunidad Afro ,InstituciÛn Educativa TÈcnica Industrial Gerardo Valencia Cano Sede Gerardo Valencia Cano,,6/08/2025,2025,SACYR,Vanessa MuÒoz - SACYR
114,CALI,BUENAVENTURA,CONTINENTE,6,123,Institucion Educativa ,EKOFIL,Estudiantes,Comunidad Afro ,InstituciÛn Educativa TÈcnica Industrial Gerardo Valencia Cano Sede de enero,,6/08/2025,2025,SACYR,Vanessa MuÒoz - SACYR
115,CARTAGO,EL DOVIO,EL DIAMANTE,31,124,Viviendas,EKOFIL,Campesinos,,,,11/09/2025,2025,ALCALDIA,Marco Gonzales - ARO Cartago
116,TULUA,RESTREPO,EL AGRADO,1,4,Institucion Educativa ,EKOFIL,Campesinos,NA,I.E. TEODORO MUNERA HINCAPIE SEDE ANTONIO RICAURTE,276606000231,10/10/2025,2025,ROTARY,George Rivera - Rotary
117,TULUA,RESTREPO,EL AGRADO,55,220,Viviendas,EKOFIL,Campesinos,NA,,,10/10/2025,2025,ROTARY,George Rivera - Rotary
118,TULUA,RESTREPO,ROMAN,1,4,Institucion Educativa ,EKOFIL,Campesinos,NA,,,10/10/2025,2025,ROTARY,George Rivera - Rotary
119,TULUA,RESTREPO,ROMAN,26,104,Viviendas,EKOFIL,Campesinos,NA,,,10/10/2025,2025,ROTARY,George Rivera - Rotary
120,TULUA,RESTREPO,AGUALINDA BAJO,1,4,Institucion Educativa ,EKOFIL,Campesinos,NA,,,10/10/2025,2025,ROTARY,George Rivera - Rotary
121,TULUA,RESTREPO,AGUALINDA BAJO,8,32,Viviendas,EKOFIL,Campesinos,NA,,,10/10/2025,2025,ROTARY,George Rivera - Rotary
122,TULUA,RESTREPO,AGUALINDA ALTO ,1,4,Institucion Educativa ,EKOFIL,Campesinos,NA,,,10/10/2025,2025,ROTARY,George Rivera - Rotary
123,TULUA,RESTREPO,AGUALINDA ALTO ,11,44,Viviendas,EKOFIL,Campesinos,NA,,,10/10/2025,2025,ROTARY,George Rivera - Rotary
124,TULUA,RESTREPO,SAN MARTIN 1 ,1,4,Institucion Educativa ,EKOFIL,Campesinos,NA,,,10/10/2025,2025,ROTARY,George Rivera - Rotary
125,TULUA,RESTREPO,SAN MARTIN 1 ,12,48,Viviendas,EKOFIL,Campesinos,NA,,,10/10/2025,2025,ROTARY,George Rivera - Rotary
126,TULUA,RESTREPO,SAN MARTIN 2 ,1,4,Institucion Educativa ,EKOFIL,Campesinos,NA,,,10/10/2025,2025,ROTARY,George Rivera - Rotary
127,TULUA,RESTREPO,SAN MARTIN 2 ,18,72,Viviendas,EKOFIL,Campesinos,NA,,,10/10/2025,2025,ROTARY,George Rivera - Rotary
128,TULUA,RESTREPO,LA SOLEDAD ,1,4,Institucion Educativa ,EKOFIL,Campesinos,NA,,,10/10/2025,2025,ROTARY,George Rivera - Rotary
129,TULUA,RESTREPO,LA SOLEDAD ,13,52,Viviendas,EKOFIL,Campesinos,NA,,,10/10/2025,2025,ROTARY,George Rivera - Rotary
130,CALI,VIJES,OCACHE,1,14,Institucion Educativa ,EKOFIL,,,I.E. 20 DE JULIO SEDE JOSE ANTONIO GALAN,276869000081,22/10/2025,2025,ROTARY,George Rivera - Rotary
131,CALI,VIJES,OCACHE,43,172,Viviendas,,,,,,22/10/2025,2025,ROTARY,George Rivera - Rotary
132,CALI,VIJES,MOZAMBIQUE ,1,4,Institucion Educativa ,EKOFIL,,,,,22/10/2025,2025,ROTARY,George Rivera - Rotary
133,CALI,VIJES,MOZAMBIQUE ,72,288,Viviendas,,,,,,22/10/2025,2025,ROTARY,George Rivera - Rotary
134,CALI,BUENAVENTURA,BARRIO CASCAJAL,102,426,Institucion Educativa ,EKOFIL,Junta De Accion Comunal - Comunidad Afro,Comunidad Afro,NA,,20/11/2025,2025,FGA,Lucrecia Vargas - Celsia
135,CALI,BUENAVENTURA,KM 9 - LA COLONIA (BAJO CALIMA),100,410,Viviendas,EKOFIL,Comunidad Afro,Concejo Comunitario,NA,,4/12/2025,2025,FGA,Lucrecia Vargas - Celsia
136,CARTAGO,ARGELIA,LA CRISTALINA Y TARRITOS,1,6,Institucion Educativa ,EKOFIL,Campesinos ,NA,I.E SANTIAGO GUTIERREZ ANGEL SEDE BUENOS AIRES,276054000052,17/12/2025,2025,UES,Cristian Amaris - Principal
137,CARTAGO,ARGELIA,LA CRISTALINA Y TARRITOS,38,152,Viviendas,EKOFIL,Campesinos ,NA,NA,,17/12/2025,2025,UES,Cristian Amaris - Principal
138,TULUA,CAICEDONIA,LA RIVERA,1,7,Institucion Educativa ,EKOFIL,Campesinos ,NA,I.E. SAGRADO CORAZON DE JESUS SEDE NUESTRA SE—ORA DE FATIMA,276122000287,16/12/2025,2025,UES,Cristian Amaris - Principal
139,TULUA,CAICEDONIA,LA RIVERA Y SAN GERARDO ,79,316,Viviendas,EKOFIL,Campesinos ,NA,,,16/12/2025,2025,UES,Cristian Amaris - Principal
140,CARTAGO,EL AGUILA,INSITUCIONES EDUCATIVAS,3,12,Institucion Educativa ,EKOFIL,Campesinos ,NA,,,18/12/2025,2025,UES,Cristian Amaris - Principal
141,TULUA,CAICEDONIA,SAN GERARDO ,1,4,Institucion Educativa ,EKOFIL,,,I.E RURAL CAICEDONIA SEDE SANTA TERESITA,276122000180,16/12/2025,2025,UES,Cristian Amaris - Principal
142,CARTAGO,EL CAIRO,SAN JOSE ,1,12,Institucion Educativa ,EKOFIL,Campesinos ,NA,I.E LA PRESENTACION SEDE FRANCISCO ANTONIO ZEA,276246000552,19/12/2025,2025,UES,Cristian Amaris - Principal
143,CARTAGO,EL CAIRO,SAN JOSE ,5,20,Viviendas,EKOFIL,Campesinos ,NA,,,19/12/2025,2025,UES,Cristian Amaris - Principal
144,CARTAGO,EL DOVIO,EL GUADUAL ,1,4,Institucion Educativa ,EKOFIL,Campesinos ,NA,,,13/02/2025,2025,UES,Cristian Amaris - Principal
145,CARTAGO,EL DOVIO,EL GUADUAL ,14,56,Viviendas,EKOFIL,Campesinos ,NA,,,13/02/2025,2025,UES,Cristian Amaris - Principal
146,CARTAGO,LA UNION,DESPENSITAS - EL RINCON ,1,5,Institucion Educativa ,EKOFIL,Campesinos ,NA,I.E QUEBRADAGRANDE  SEDE TULIO RAMIREZ,276400000285,18/12/2025,2025,UES,Cristian Amaris - Principal
147,CARTAGO,LA UNION,DESPENSITAS - EL RINCON ,26,104,Viviendas,EKOFIL,Campesinos ,NA,,,18/12/2025,2025,UES,Cristian Amaris - Principal
148,TULUA,SAN PEDRO,MONTEREDONDO - LOS MATES - ANGOSTURAS - GUAQUEROS - LA SIRIA ,3,12,Institucion Educativa ,EKOFIL,Campesinos ,NA,,,17/12/2025,2025,UES,Cristian Amaris - Principal
149,TULUA,SAN PEDRO,MONTEREDONDO - LOS MATES - ANGOSTURAS - GUAQUEROS - LA SIRIA ,150,600,Viviendas,EKOFIL,Campesinos ,NA,,,17/12/2025,2025,UES,Cristian Amaris - Principal
150,TULUA,SEVILLA,MANZANILLO,1,8,Institucion Educativa ,EKOFIL,Campesinos ,NA,I.E. JORGE ELIECER GAITAN SEDE ANTONIO RICAURTE,276736000224,15/12/2025,2025,UES,Cristian Amaris - Principal
151,TULUA,SEVILLA,MANZANILLO,75,300,Viviendas,EKOFIL,Campesinos ,NA,,,15/12/2025,2025,UES,Cristian Amaris - Principal
152,CALI,VIJES,INSITUCIONES EDUCATIVAS,5,20,Institucion Educativa ,EKOFIL,Campesinos ,NA,,,23/12/2025,2025,UES,Cristian Amaris - Principal
153,TULUA,YOTOCO,EL DELIRIO,1,13,Institucion Educativa ,EKOFIL,Campesinos ,NA,I.E. SAN JUAN BOSCO SEDE CARLOS ALFONSO GIL,276890000458,13/12/2025,2025,UES,Cristian Amaris - Principal
154,TULUA,YOTOCO,EL DELIRIO,95,380,Viviendas,EKOFIL,Campesinos ,NA,,,13/12/2025,2025,UES,Cristian Amaris - Principal
155,CALI,VIJES,VIDAL,70,280,Institucion Educativa ,EKOFIL,Campesinos ,NA,,,4/02/2026,2026,ROTARY,George Rivera - Rotary
156,TULUA,TRUJILLO,MELENAS,1,32,Institucion Educativa ,EKOFIL,,,I.E. ANTONIO JOSE DE SUCRE SEDE BELISARIO PE—A,276828000247,6/02/2026,2026,ROTARY,George Rivera - Rotary
157,TULUA,TRUJILLO,LA SONADORA,1,5,Institucion Educativa ,EKOFIL,Campesinos ,NA,I.E.  ANTONIO JOSE DE SUCRE SEDE MARIA PEREGRINA GARCIA,276828000344,6/02/2026,2026,ROTARY,George Rivera - Rotary
158,TULUA,TRUJILLO,MELENAS - LA SONADORA,56,224,Viviendas,EKOFIL,Campesinos ,NA,,,6/02/2026,2026,ROTARY,George Rivera - Rotary
159,CALI,DAGUA,Buenos Aires ,62,248,Viviendas,,,,,,,2026,ROTARY,George Rivera - Rotary
160,CALI,DAGUA,CENTELLA ALTA,52,208,Viviendas,,,,,,,2026,ROTARY,George Rivera - Rotary
161,CALI,DAGUA,LA CLEMENTINA (BAHONDO),21,84,Viviendas,,,,,,,2026,ROTARY,George Rivera - Rotary
162,CALI,DAGUA,LOS COLORADOS,20,80,Viviendas,,,,,,,2026,ROTARY,George Rivera - Rotary
163,CALI,DAGUA,SAN VICENTE ALTO,21,82,Viviendas,,,,,,,2026,ROTARY,George Rivera - Rotary
164,CALI,LA CUMBRE,CENTENARIO,48,192,Viviendas,,,,,,,2026,ROTARY,George Rivera - Rotary
165,CALI,GINEBRA,CANAIMA,23,92,Viviendas,,,,,,,2026,ROTARY,George Rivera - Rotary
166,CALI,GINEBRA,LOS MEDIOS,34,136,Viviendas,,,,,,,2026,ROTARY,George Rivera - Rotary
167,CALI,GINEBRA,MORAVIA ,24,96,Viviendas,,,,,,,2026,ROTARY,George Rivera - Rotary
168,CALI,PRADERA,SAN ANTONIO,46,184,Viviendas,,,,,,,2026,ROTARY,George Rivera - Rotary
