ARO,USUARIO_ARO,CODIGO_MUESTRA,FECHA_ENVIO,FECHA_RECEPCION,HORA_RECEPCION,FECHA_RESULTADOS,TIPO,TIPO_CODIGO,ENTIDAD_QUE_REMITE,MUESTRAS_RECIBIDAS,MUESTRAS_RECHAZADAS,ESTADO,TIENE_RESULTADO,DIAS_DESDE_RECEPCION,DIAS_RESPUESTA,SEMAFORO_PENDIENTE,SEMAFORO_RESPUESTA,FECHA_CORTE,FUENTE,PAGINA,FILA_EN_PAGINA,TIPO_SERVICIO_FICHA,FECHA_TOMA_MUESTRA,NUMERO_ACTA,TIPO_MUESTRA,PUNTO_MUESTREO,LUGAR_TOMA_MUESTRA,DIRECCION,DEPARTAMENTO_PUNTO_MUESTREO,MUNICIPIO_PUNTO_MUESTREO,TIPO_LUGAR,CORREGIMIENTO_VEREDA,BARRIO,TIPO_FUENTE,NOMBRE_FUENTE,DEPARTAMENTO_ACUEDUCTO,MUNICIPIO,TIPO_ENTIDAD_PRESTADOR,PRESTADOR,TELEFONO_PRESTADOR,DIRECCION_PRESTADOR,ENTIDAD_REMITE_FICHA,MUESTRA_TOMADA_POR,OBSERVACIONES_FICHA,FECHA_FILTRO_RECEPCION_FICHA,ARO_FICHA,ARCHIVO_FICHA,LOTE_FICHA,RUTA_ARCHIVO_FICHA,MATCH_FICHA
Cali,31641854,20260526-8539-DIAG,26/05/2026,26/05/2026,2:50 PM,,Agua,DIAG,UESVALLE - ARO CALI,4,0,Recepcionada,NO,1,,En término,No calculado,27/05/2026,https://gestion-muestras.valledelcauca.gov.co/home/simple-list-samples,1,3,,,,,,,,,,,,,,,,,,,,,,,,,,,,,NO
Cali,31641854,20260526-8542-DIAG,26/05/2026,26/05/2026,2:50 PM,,Agua,DIAG,UESVALLE - ARO CALI,4,0,Recepcionada,NO,1,,En término,No calculado,27/05/2026,https://gestion-muestras.valledelcauca.gov.co/home/simple-list-samples,1,5,,,,,,,,,,,,,,,,,,,,,,,,,,,,,NO
Cali,31641854,20260526-8555-DIAG,26/05/2026,26/05/2026,2:50 PM,,Agua,DIAG,UESVALLE - ARO CALI,4,0,Recepcionada,NO,1,,En término,No calculado,27/05/2026,https://gestion-muestras.valledelcauca.gov.co/home/simple-list-samples,1,2,,,,,,,,,,,,,,,,,,,,,,,,,,,,,NO
Cali,31641854,20260526-8559-DIAG,26/05/2026,26/05/2026,2:50 PM,,Agua,DIAG,UESVALLE - ARO CALI,4,0,Recepcionada,NO,1,,En término,No calculado,27/05/2026,https://gestion-muestras.valledelcauca.gov.co/home/simple-list-samples,1,1,,,,,,,,,,,,,,,,,,,,,,,,,,,,,NO
Cali,31641854,20260526-8561-VIG,26/05/2026,26/05/2026,2:50 PM,,Agua,VIG,UESVALLE - ARO CALI,4,0,Recepcionada,NO,1,,En término,No calculado,27/05/2026,https://gestion-muestras.valledelcauca.gov.co/home/simple-list-samples,1,4,,,,,,,,,,,,,,,,,,,,,,,,,,,,,NO
Cartago,16232927,20260526-8523-VIG,26/05/2026,26/05/2026,3:15 PM,,Agua,VIG,UESVALLE - ARO CARTAGO,4,0,Recepcionada,NO,1,,En término,No calculado,27/05/2026,https://gestion-muestras.valledelcauca.gov.co/home/simple-list-samples,1,8,,,,,,,,,,,,,,,,,,,,,,,,,,,,,NO
Cartago,16232927,20260526-8524-VIG,26/05/2026,26/05/2026,3:15 PM,,Agua,VIG,UESVALLE - ARO CARTAGO,4,0,Recepcionada,NO,1,,En término,No calculado,27/05/2026,https://gestion-muestras.valledelcauca.gov.co/home/simple-list-samples,1,2,,,,,,,,,,,,,,,,,,,,,,,,,,,,,NO
Cartago,16232927,20260526-8525-VIG,26/05/2026,26/05/2026,3:15 PM,,Agua,VIG,UESVALLE - ARO CARTAGO,4,0,Recepcionada,NO,1,,En término,No calculado,27/05/2026,https://gestion-muestras.valledelcauca.gov.co/home/simple-list-samples,1,5,,,,,,,,,,,,,,,,,,,,,,,,,,,,,NO
Cartago,16232927,20260526-8526-VIG,26/05/2026,26/05/2026,3:15 PM,,Agua,VIG,UESVALLE - ARO CARTAGO,4,0,Recepcionada,NO,1,,En término,No calculado,27/05/2026,https://gestion-muestras.valledelcauca.gov.co/home/simple-list-samples,1,7,,,,,,,,,,,,,,,,,,,,,,,,,,,,,NO
Cartago,16232927,20260526-8527-VIG,26/05/2026,26/05/2026,3:15 PM,,Agua,VIG,UESVALLE - ARO CARTAGO,4,0,Recepcionada,NO,1,,En término,No calculado,27/05/2026,https://gestion-muestras.valledelcauca.gov.co/home/simple-list-samples,1,3,,,,,,,,,,,,,,,,,,,,,,,,,,,,,NO
Cartago,16232927,20260526-8528-VIG,26/05/2026,26/05/2026,3:15 PM,,Agua,VIG,UESVALLE - ARO CARTAGO,4,0,Recepcionada,NO,1,,En término,No calculado,27/05/2026,https://gestion-muestras.valledelcauca.gov.co/home/simple-list-samples,1,6,,,,,,,,,,,,,,,,,,,,,,,,,,,,,NO
Cartago,16232927,20260526-8530-VIG,26/05/2026,26/05/2026,3:15 PM,,Agua,VIG,UESVALLE - ARO CARTAGO,4,0,Recepcionada,NO,1,,En término,No calculado,27/05/2026,https://gestion-muestras.valledelcauca.gov.co/home/simple-list-samples,1,4,,,,,,,,,,,,,,,,,,,,,,,,,,,,,NO
Cartago,16232927,20260526-8536-VIG,26/05/2026,26/05/2026,3:15 PM,,Agua,VIG,UESVALLE - ARO CARTAGO,4,0,Recepcionada,NO,1,,En término,No calculado,27/05/2026,https://gestion-muestras.valledelcauca.gov.co/home/simple-list-samples,1,1,,,,,,,,,,,,,,,,,,,,,,,,,,,,,NO
Cartago,16232927,20260526-8546-VIG,26/05/2026,26/05/2026,3:15 PM,,Agua,VIG,UESVALLE - ARO CARTAGO,4,0,Recepcionada,NO,1,,En término,No calculado,27/05/2026,https://gestion-muestras.valledelcauca.gov.co/home/simple-list-samples,1,9,,,,,,,,,,,,,,,,,,,,,,,,,,,,,NO
Tulua,16551281,20260526-8545-VIG,26/05/2026,26/05/2026,3:15 PM,,Agua,VIG,UESVALLE - ARO TULUÁ,4,0,Recepcionada,NO,1,,En término,No calculado,27/05/2026,https://gestion-muestras.valledelcauca.gov.co/home/simple-list-samples,1,10,,,,,,,,,,,,,,,,,,,,,,,,,,,,,NO
Tulua,16551281,20260526-8547-VIG,26/05/2026,26/05/2026,3:15 PM,,Agua,VIG,UESVALLE - ARO TULUÁ,4,0,Recepcionada,NO,1,,En término,No calculado,27/05/2026,https://gestion-muestras.valledelcauca.gov.co/home/simple-list-samples,1,5,,,,,,,,,,,,,,,,,,,,,,,,,,,,,NO
Tulua,16551281,20260526-8548-VIG,26/05/2026,26/05/2026,3:15 PM,,Agua,VIG,UESVALLE - ARO TULUÁ,4,0,Recepcionada,NO,1,,En término,No calculado,27/05/2026,https://gestion-muestras.valledelcauca.gov.co/home/simple-list-samples,1,4,,,,,,,,,,,,,,,,,,,,,,,,,,,,,NO
Tulua,16551281,20260526-8550-VIG,26/05/2026,26/05/2026,3:15 PM,,Agua,VIG,UESVALLE - ARO TULUÁ,4,0,Recepcionada,NO,1,,En término,No calculado,27/05/2026,https://gestion-muestras.valledelcauca.gov.co/home/simple-list-samples,1,3,,,,,,,,,,,,,,,,,,,,,,,,,,,,,NO
Tulua,16551281,20260526-8551-VIG,26/05/2026,26/05/2026,3:15 PM,,Agua,VIG,UESVALLE - ARO TULUÁ,4,0,Recepcionada,NO,1,,En término,No calculado,27/05/2026,https://gestion-muestras.valledelcauca.gov.co/home/simple-list-samples,1,6,,,,,,,,,,,,,,,,,,,,,,,,,,,,,NO
Tulua,16551281,20260526-8552-VIG,26/05/2026,26/05/2026,3:15 PM,,Agua,VIG,UESVALLE - ARO TULUÁ,4,0,Recepcionada,NO,1,,En término,No calculado,27/05/2026,https://gestion-muestras.valledelcauca.gov.co/home/simple-list-samples,1,8,,,,,,,,,,,,,,,,,,,,,,,,,,,,,NO
Tulua,16551281,20260526-8553-VIG,26/05/2026,26/05/2026,3:15 PM,,Agua,VIG,UESVALLE - ARO TULUÁ,4,0,Recepcionada,NO,1,,En término,No calculado,27/05/2026,https://gestion-muestras.valledelcauca.gov.co/home/simple-list-samples,1,9,,,,,,,,,,,,,,,,,,,,,,,,,,,,,NO
Tulua,16551281,20260526-8554-VIG,26/05/2026,26/05/2026,3:15 PM,,Agua,VIG,UESVALLE - ARO TULUÁ,4,0,Recepcionada,NO,1,,En término,No calculado,27/05/2026,https://gestion-muestras.valledelcauca.gov.co/home/simple-list-samples,1,1,,,,,,,,,,,,,,,,,,,,,,,,,,,,,NO
Tulua,16551281,20260526-8557-VIG,26/05/2026,26/05/2026,3:15 PM,,Agua,VIG,UESVALLE - ARO TULUÁ,4,0,Recepcionada,NO,1,,En término,No calculado,27/05/2026,https://gestion-muestras.valledelcauca.gov.co/home/simple-list-samples,1,2,,,,,,,,,,,,,,,,,,,,,,,,,,,,,NO
Tulua,16551281,20260526-8558-VIG,26/05/2026,26/05/2026,3:15 PM,,Agua,VIG,UESVALLE - ARO TULUÁ,4,0,Recepcionada,NO,1,,En término,No calculado,27/05/2026,https://gestion-muestras.valledelcauca.gov.co/home/simple-list-samples,1,7,,,,,,,,,,,,,,,,,,,,,,,,,,,,,NO
Cali,31641854,20260525-8479-VIG,25/05/2026,25/05/2026,2:10 PM,,Agua,VIG,UESVALLE - ARO CALI,4,0,Recepcionada,NO,2,,En término,No calculado,27/05/2026,https://gestion-muestras.valledelcauca.gov.co/home/simple-list-samples,1,16,,,,,,,,,,,,,,,,,,,,,,,,,,,,,NO
Cali,31641854,20260525-8486-VIG,25/05/2026,25/05/2026,2:10 PM,,Agua,VIG,UESVALLE - ARO CALI,4,0,Recepcionada,NO,2,,En término,No calculado,27/05/2026,https://gestion-muestras.valledelcauca.gov.co/home/simple-list-samples,1,17,,,,,,,,,,,,,,,,,,,,,,,,,,,,,NO
Cali,31641854,20260525-8487-VIG,25/05/2026,25/05/2026,2:30 PM,,Agua,VIG,UESVALLE - ARO CALI,4,0,Recepcionada,NO,2,,En término,No calculado,27/05/2026,https://gestion-muestras.valledelcauca.gov.co/home/simple-list-samples,1,11,,,,,,,,,,,,,,,,,,,,,,,,,,,,,NO
Cali,31641854,20260525-8490-VIG,25/05/2026,25/05/2026,2:30 PM,,Agua,VIG,UESVALLE - ARO CALI,4,0,Recepcionada,NO,2,,En término,No calculado,27/05/2026,https://gestion-muestras.valledelcauca.gov.co/home/simple-list-samples,1,7,,,,,,,,,,,,,,,,,,,,,,,,,,,,,NO
Cali,31641854,20260525-8491-VIG,25/05/2026,25/05/2026,2:10 PM,,Agua,VIG,UESVALLE - ARO CALI,4,0,Recepcionada,NO,2,,En término,No calculado,27/05/2026,https://gestion-muestras.valledelcauca.gov.co/home/simple-list-samples,1,15,,,,,,,,,,,,,,,,,,,,,,,,,,,,,NO
Cali,31641854,20260525-8492-VIG,25/05/2026,25/05/2026,2:30 PM,,Agua,VIG,UESVALLE - ARO CALI,4,0,Recepcionada,NO,2,,En término,No calculado,27/05/2026,https://gestion-muestras.valledelcauca.gov.co/home/simple-list-samples,1,8,,,,,,,,,,,,,,,,,,,,,,,,,,,,,NO
Cali,31641854,20260525-8495-VIG,25/05/2026,25/05/2026,2:30 PM,,Agua,VIG,UESVALLE - ARO CALI,4,0,Recepcionada,NO,2,,En término,No calculado,27/05/2026,https://gestion-muestras.valledelcauca.gov.co/home/simple-list-samples,1,10,,,,,,,,,,,,,,,,,,,,,,,,,,,,,NO
Cali,31641854,20260525-8501-VIG,25/05/2026,25/05/2026,2:10 PM,,Agua,VIG,UESVALLE - ARO CALI,4,0,Recepcionada,NO,2,,En término,No calculado,27/05/2026,https://gestion-muestras.valledelcauca.gov.co/home/simple-list-samples,1,13,,,,,,,,,,,,,,,,,,,,,,,,,,,,,NO
Cali,31641854,20260525-8506-VIG,25/05/2026,25/05/2026,2:10 PM,,Agua,VIG,UESVALLE - ARO CALI,4,0,Recepcionada,NO,2,,En término,No calculado,27/05/2026,https://gestion-muestras.valledelcauca.gov.co/home/simple-list-samples,1,12,,,,,,,,,,,,,,,,,,,,,,,,,,,,,NO
Cali,31641854,20260525-8518-VIG,25/05/2026,25/05/2026,2:30 PM,,Agua,VIG,UESVALLE - ARO CALI,4,0,Recepcionada,NO,2,,En término,No calculado,27/05/2026,https://gestion-muestras.valledelcauca.gov.co/home/simple-list-samples,1,9,,,,,,,,,,,,,,,,,,,,,,,,,,,,,NO
Cali,31641854,20260525-8519-VIG,25/05/2026,25/05/2026,2:40 PM,,Agua,VIG,UESVALLE - ARO CALI,4,0,Recepcionada,NO,2,,En término,No calculado,27/05/2026,https://gestion-muestras.valledelcauca.gov.co/home/simple-list-samples,1,6,,,,,,,,,,,,,,,,,,,,,,,,,,,,,NO
Cali,31641854,20260525-8520-VIG,25/05/2026,25/05/2026,2:10 PM,,Agua,VIG,UESVALLE - ARO CALI,4,0,Recepcionada,NO,2,,En término,No calculado,27/05/2026,https://gestion-muestras.valledelcauca.gov.co/home/simple-list-samples,1,14,,,,,,,,,,,,,,,,,,,,,,,,,,,,,NO
Cartago,16232927,20260525-8469-VIG,25/05/2026,25/05/2026,2:40 PM,,Agua,VIG,UESVALLE - ARO CARTAGO,4,0,Recepcionada,NO,2,,En término,No calculado,27/05/2026,https://gestion-muestras.valledelcauca.gov.co/home/simple-list-samples,1,11,,,,,,,,,,,,,,,,,,,,,,,,,,,,,NO
Cartago,16232927,20260525-8471-VIG,25/05/2026,25/05/2026,2:40 PM,,Agua,VIG,UESVALLE - ARO CARTAGO,4,0,Recepcionada,NO,2,,En término,No calculado,27/05/2026,https://gestion-muestras.valledelcauca.gov.co/home/simple-list-samples,1,14,,,,,,,,,,,,,,,,,,,,,,,,,,,,,NO
Cartago,16232927,20260525-8472-VIG,25/05/2026,25/05/2026,2:40 PM,,Agua,VIG,UESVALLE - ARO CARTAGO,4,0,Recepcionada,NO,2,,En término,No calculado,27/05/2026,https://gestion-muestras.valledelcauca.gov.co/home/simple-list-samples,1,12,,,,,,,,,,,,,,,,,,,,,,,,,,,,,NO
Cartago,16232927,20260525-8477-VIG,25/05/2026,25/05/2026,2:40 PM,,Agua,VIG,UESVALLE - ARO CARTAGO,4,0,Recepcionada,NO,2,,En término,No calculado,27/05/2026,https://gestion-muestras.valledelcauca.gov.co/home/simple-list-samples,1,13,,,,,,,,,,,,,,,,,,,,,,,,,,,,,NO
Cartago,16232927,20260525-8480-VIG,25/05/2026,25/05/2026,2:40 PM,,Agua,VIG,UESVALLE - ARO CARTAGO,4,0,Recepcionada,NO,2,,En término,No calculado,27/05/2026,https://gestion-muestras.valledelcauca.gov.co/home/simple-list-samples,1,10,,,,,,,,,,,,,,,,,,,,,,,,,,,,,NO
Tulua,16551281,20260525-8473-VIG,25/05/2026,25/05/2026,2:40 PM,,Agua,VIG,UESVALLE - ARO TULUÁ,4,0,Recepcionada,NO,2,,En término,No calculado,27/05/2026,https://gestion-muestras.valledelcauca.gov.co/home/simple-list-samples,1,14,,,,,,,,,,,,,,,,,,,,,,,,,,,,,NO
Tulua,16551281,20260525-8474-VIG,25/05/2026,25/05/2026,2:40 PM,,Agua,VIG,UESVALLE - ARO TULUÁ,4,0,Recepcionada,NO,2,,En término,No calculado,27/05/2026,https://gestion-muestras.valledelcauca.gov.co/home/simple-list-samples,1,15,,,,,,,,,,,,,,,,,,,,,,,,,,,,,NO
Tulua,16551281,20260525-8475-VIG,25/05/2026,25/05/2026,2:40 PM,,Agua,VIG,UESVALLE - ARO TULUÁ,4,0,Recepcionada,NO,2,,En término,No calculado,27/05/2026,https://gestion-muestras.valledelcauca.gov.co/home/simple-list-samples,1,17,,,,,,,,,,,,,,,,,,,,,,,,,,,,,NO
Tulua,16551281,20260525-8476-VIG,25/05/2026,25/05/2026,2:40 PM,,Agua,VIG,UESVALLE - ARO TULUÁ,4,0,Recepcionada,NO,2,,En término,No calculado,27/05/2026,https://gestion-muestras.valledelcauca.gov.co/home/simple-list-samples,1,12,,,,,,,,,,,,,,,,,,,,,,,,,,,,,NO
Tulua,16551281,20260525-8478-VIG,25/05/2026,25/05/2026,2:40 PM,,Agua,VIG,UESVALLE - ARO TULUÁ,4,0,Recepcionada,NO,2,,En término,No calculado,27/05/2026,https://gestion-muestras.valledelcauca.gov.co/home/simple-list-samples,1,13,,,,,,,,,,,,,,,,,,,,,,,,,,,,,NO
Tulua,16551281,20260525-8482-VIG,25/05/2026,25/05/2026,2:40 PM,,Agua,VIG,UESVALLE - ARO TULUÁ,4,0,Recepcionada,NO,2,,En término,No calculado,27/05/2026,https://gestion-muestras.valledelcauca.gov.co/home/simple-list-samples,1,11,,,,,,,,,,,,,,,,,,,,,,,,,,,,,NO
Tulua,16551281,20260525-8483-VIG,25/05/2026,25/05/2026,2:40 PM,,Agua,VIG,UESVALLE - ARO TULUÁ,4,0,Recepcionada,NO,2,,En término,No calculado,27/05/2026,https://gestion-muestras.valledelcauca.gov.co/home/simple-list-samples,1,19,,,,,,,,,,,,,,,,,,,,,,,,,,,,,NO
Tulua,16551281,20260525-8485-VIG,25/05/2026,25/05/2026,2:40 PM,,Agua,VIG,UESVALLE - ARO TULUÁ,4,0,Recepcionada,NO,2,,En término,No calculado,27/05/2026,https://gestion-muestras.valledelcauca.gov.co/home/simple-list-samples,1,18,,,,,,,,,,,,,,,,,,,,,,,,,,,,,NO
Tulua,16551281,20260525-8497-VIG,25/05/2026,25/05/2026,2:40 PM,,Agua,VIG,UESVALLE - ARO TULUÁ,4,0,Recepcionada,NO,2,,En término,No calculado,27/05/2026,https://gestion-muestras.valledelcauca.gov.co/home/simple-list-samples,1,20,,,,,,,,,,,,,,,,,,,,,,,,,,,,,NO
Tulua,16551281,20260525-8499-VIG,25/05/2026,25/05/2026,2:40 PM,,Agua,VIG,UESVALLE - ARO TULUÁ,4,0,Recepcionada,NO,2,,En término,No calculado,27/05/2026,https://gestion-muestras.valledelcauca.gov.co/home/simple-list-samples,1,16,,,,,,,,,,,,,,,,,,,,,,,,,,,,,NO
Cali,31641854,20260520-8423-VIG,20/05/2026,20/05/2026,2:00 PM,,Agua,VIG,UESVALLE - ARO CALI,4,0,Analizando,NO,7,,En término,No calculado,27/05/2026,https://gestion-muestras.valledelcauca.gov.co/home/simple-list-samples,1,20,,,,,,,,,,,,,,,,,,,,,,,,,,,,,NO
Cali,31641854,20260520-8429-VIG,20/05/2026,20/05/2026,2:00 PM,,Agua,VIG,UESVALLE - ARO CALI,4,0,Analizando,NO,7,,En término,No calculado,27/05/2026,https://gestion-muestras.valledelcauca.gov.co/home/simple-list-samples,1,23,,,,,,,,,,,,,,,,,,,,,,,,,,,,,NO
Cali,31641854,20260520-8435-VIG,20/05/2026,20/05/2026,2:00 PM,,Agua,VIG,UESVALLE - ARO CALI,4,0,Analizando,NO,7,,En término,No calculado,27/05/2026,https://gestion-muestras.valledelcauca.gov.co/home/simple-list-samples,1,19,,,,,,,,,,,,,,,,,,,,,,,,,,,,,NO
Cali,31641854,20260520-8444-VIG,20/05/2026,20/05/2026,2:00 PM,,Agua,VIG,UESVALLE - ARO CALI,4,0,Analizando,NO,7,,En término,No calculado,27/05/2026,https://gestion-muestras.valledelcauca.gov.co/home/simple-list-samples,1,18,,,,,,,,,,,,,,,,,,,,,,,,,,,,,NO
Cali,31641854,20260520-8446-VIG,20/05/2026,20/05/2026,2:00 PM,,Agua,VIG,UESVALLE - ARO CALI,4,0,Analizando,NO,7,,En término,No calculado,27/05/2026,https://gestion-muestras.valledelcauca.gov.co/home/simple-list-samples,1,22,,,,,,,,,,,,,,,,,,,,,,,,,,,,,NO
Cali,31641854,20260520-8458-VIG,20/05/2026,20/05/2026,2:00 PM,,Agua,VIG,UESVALLE - ARO CALI,4,0,Analizando,NO,7,,En término,No calculado,27/05/2026,https://gestion-muestras.valledelcauca.gov.co/home/simple-list-samples,1,21,,,,,,,,,,,,,,,,,,,,,,,,,,,,,NO
Cartago,16232927,20260520-8417-VIG,20/05/2026,20/05/2026,3:23 PM,,Agua,VIG,UESVALLE - ARO CARTAGO,4,0,Analizando,NO,7,,En término,No calculado,27/05/2026,https://gestion-muestras.valledelcauca.gov.co/home/simple-list-samples,1,22,,,,,,,,,,,,,,,,,,,,,,,,,,,,,NO
Cartago,16232927,20260520-8418-VIG,20/05/2026,20/05/2026,3:23 PM,,Agua,VIG,UESVALLE - ARO CARTAGO,4,0,Analizando,NO,7,,En término,No calculado,27/05/2026,https://gestion-muestras.valledelcauca.gov.co/home/simple-list-samples,1,21,,,,,,,,,,,,,,,,,,,,,,,,,,,,,NO
Cartago,16232927,20260520-8419-VIG,20/05/2026,20/05/2026,3:23 PM,,Agua,VIG,UESVALLE - ARO CARTAGO,4,0,Analizando,NO,7,,En término,No calculado,27/05/2026,https://gestion-muestras.valledelcauca.gov.co/home/simple-list-samples,1,19,,,,,,,,,,,,,,,,,,,,,,,,,,,,,NO
Cartago,16232927,20260520-8420-VIG,20/05/2026,20/05/2026,3:23 PM,,Agua,VIG,UESVALLE - ARO CARTAGO,4,0,Analizando,NO,7,,En término,No calculado,27/05/2026,https://gestion-muestras.valledelcauca.gov.co/home/simple-list-samples,1,16,,,,,,,,,,,,,,,,,,,,,,,,,,,,,NO
Cartago,16232927,20260520-8421-VIG,20/05/2026,20/05/2026,3:23 PM,,Agua,VIG,UESVALLE - ARO CARTAGO,4,0,Analizando,NO,7,,En término,No calculado,27/05/2026,https://gestion-muestras.valledelcauca.gov.co/home/simple-list-samples,1,23,,,,,,,,,,,,,,,,,,,,,,,,,,,,,NO
Cartago,16232927,20260520-8425-VIG,20/05/2026,20/05/2026,3:23 PM,,Agua,VIG,UESVALLE - ARO CARTAGO,4,0,Analizando,NO,7,,En término,No calculado,27/05/2026,https://gestion-muestras.valledelcauca.gov.co/home/simple-list-samples,1,15,,,,,,,,,,,,,,,,,,,,,,,,,,,,,NO
Cartago,16232927,20260520-8427-VIG,20/05/2026,20/05/2026,3:23 PM,,Agua,VIG,UESVALLE - ARO CARTAGO,4,0,Analizando,NO,7,,En término,No calculado,27/05/2026,https://gestion-muestras.valledelcauca.gov.co/home/simple-list-samples,1,17,,,,,,,,,,,,,,,,,,,,,,,,,,,,,NO
Cartago,16232927,20260520-8441-VIG,20/05/2026,20/05/2026,3:23 PM,,Agua,VIG,UESVALLE - ARO CARTAGO,4,0,Analizando,NO,7,,En término,No calculado,27/05/2026,https://gestion-muestras.valledelcauca.gov.co/home/simple-list-samples,1,18,,,,,,,,,,,,,,,,,,,,,,,,,,,,,NO
Cartago,16232927,20260520-8443-VIG,20/05/2026,20/05/2026,3:23 PM,,Agua,VIG,UESVALLE - ARO CARTAGO,4,0,Analizando,NO,7,,En término,No calculado,27/05/2026,https://gestion-muestras.valledelcauca.gov.co/home/simple-list-samples,1,20,,,,,,,,,,,,,,,,,,,,,,,,,,,,,NO
Tulua,16551281,20260520-8436-VIG,20/05/2026,20/05/2026,3:23 PM,,Agua,VIG,UESVALLE - ARO TULUÁ,4,0,Analizando,NO,7,,En término,No calculado,27/05/2026,https://gestion-muestras.valledelcauca.gov.co/home/simple-list-samples,1,21,,,,,,,,,,,,,,,,,,,,,,,,,,,,,NO
Tulua,16551281,20260520-8437-VIG,20/05/2026,20/05/2026,3:23 PM,,Agua,VIG,UESVALLE - ARO TULUÁ,4,0,Analizando,NO,7,,En término,No calculado,27/05/2026,https://gestion-muestras.valledelcauca.gov.co/home/simple-list-samples,1,25,,,,,,,,,,,,,,,,,,,,,,,,,,,,,NO
Tulua,16551281,20260520-8438-VIG,20/05/2026,20/05/2026,3:23 PM,,Agua,VIG,UESVALLE - ARO TULUÁ,4,0,Analizando,NO,7,,En término,No calculado,27/05/2026,https://gestion-muestras.valledelcauca.gov.co/home/simple-list-samples,1,24,,,,,,,,,,,,,,,,,,,,,,,,,,,,,NO
Tulua,16551281,20260520-8439-VIG,20/05/2026,20/05/2026,3:23 PM,,Agua,VIG,UESVALLE - ARO TULUÁ,4,0,Analizando,NO,7,,En término,No calculado,27/05/2026,https://gestion-muestras.valledelcauca.gov.co/home/simple-list-samples,1,22,,,,,,,,,,,,,,,,,,,,,,,,,,,,,NO
Tulua,16551281,20260520-8440-VIG,20/05/2026,20/05/2026,3:23 PM,,Agua,VIG,UESVALLE - ARO TULUÁ,4,0,Analizando,NO,7,,En término,No calculado,27/05/2026,https://gestion-muestras.valledelcauca.gov.co/home/simple-list-samples,1,23,,,,,,,,,,,,,,,,,,,,,,,,,,,,,NO
Cali,31641854,20260519-8376-VIG,19/05/2026,19/05/2026,2:00 PM,,Agua,VIG,UESVALLE - ARO CALI,4,0,Analizando,NO,8,,En seguimiento,No calculado,27/05/2026,https://gestion-muestras.valledelcauca.gov.co/home/simple-list-samples,1,30,,,,,,,,,,,,,,,,,,,,,,,,,,,,,NO
Cali,31641854,20260519-8377-VIG,19/05/2026,19/05/2026,2:00 PM,,Agua,VIG,UESVALLE - ARO CALI,4,0,Analizando,NO,8,,En seguimiento,No calculado,27/05/2026,https://gestion-muestras.valledelcauca.gov.co/home/simple-list-samples,1,32,,,,,,,,,,,,,,,,,,,,,,,,,,,,,NO
Cali,31641854,20260519-8383-VIG,19/05/2026,19/05/2026,2:00 PM,,Agua,VIG,UESVALLE - ARO CALI,4,0,Analizando,NO,8,,En seguimiento,No calculado,27/05/2026,https://gestion-muestras.valledelcauca.gov.co/home/simple-list-samples,1,33,,,,,,,,,,,,,,,,,,,,,,,,,,,,,NO
Cali,31641854,20260519-8387-VIG,19/05/2026,19/05/2026,2:00 PM,,Agua,VIG,UESVALLE - ARO CALI,4,0,Analizando,NO,8,,En seguimiento,No calculado,27/05/2026,https://gestion-muestras.valledelcauca.gov.co/home/simple-list-samples,1,29,,,,,,,,,,,,,,,,,,,,,,,,,,,,,NO
Cali,31641854,20260519-8391-VIG,19/05/2026,19/05/2026,2:00 PM,,Agua,VIG,UESVALLE - ARO CALI,4,0,Analizando,NO,8,,En seguimiento,No calculado,27/05/2026,https://gestion-muestras.valledelcauca.gov.co/home/simple-list-samples,1,31,,,,,,,,,,,,,,,,,,,,,,,,,,,,,NO
Cali,31641854,20260519-8412-VIG,19/05/2026,19/05/2026,3:20 PM,,Agua,VIG,UESVALLE - ARO CALI,4,0,Analizando,NO,8,,En seguimiento,No calculado,27/05/2026,https://gestion-muestras.valledelcauca.gov.co/home/simple-list-samples,1,25,,,,,,,,,,,,,,,,,,,,,,,,,,,,,NO
Cali,31641854,20260519-8413-VIG,19/05/2026,19/05/2026,3:20 PM,,Agua,VIG,UESVALLE - ARO CALI,4,0,Analizando,NO,8,,En seguimiento,No calculado,27/05/2026,https://gestion-muestras.valledelcauca.gov.co/home/simple-list-samples,1,28,,,,,,,,,,,,,,,,,,,,,,,,,,,,,NO
Cali,31641854,20260519-8414-VIG,19/05/2026,19/05/2026,3:20 PM,,Agua,VIG,UESVALLE - ARO CALI,4,0,Analizando,NO,8,,En seguimiento,No calculado,27/05/2026,https://gestion-muestras.valledelcauca.gov.co/home/simple-list-samples,1,27,,,,,,,,,,,,,,,,,,,,,,,,,,,,,NO
Cali,31641854,20260519-8415-VIG,19/05/2026,19/05/2026,3:20 PM,,Agua,VIG,UESVALLE - ARO CALI,4,0,Analizando,NO,8,,En seguimiento,No calculado,27/05/2026,https://gestion-muestras.valledelcauca.gov.co/home/simple-list-samples,1,26,,,,,,,,,,,,,,,,,,,,,,,,,,,,,NO
Cali,31641854,20260519-8416-VIG,19/05/2026,19/05/2026,3:20 PM,,Agua,VIG,UESVALLE - ARO CALI,4,0,Analizando,NO,8,,En seguimiento,No calculado,27/05/2026,https://gestion-muestras.valledelcauca.gov.co/home/simple-list-samples,1,24,,,,,,,,,,,,,,,,,,,,,,,,,,,,,NO
Cartago,16232927,20260519-8366-VIG,19/05/2026,19/05/2026,2:30 PM,,Agua,VIG,UESVALLE - ARO CARTAGO,4,0,Analizando,NO,8,,En seguimiento,No calculado,27/05/2026,https://gestion-muestras.valledelcauca.gov.co/home/simple-list-samples,1,28,,,,,,,,,,,,,,,,,,,,,,,,,,,,,NO
Cartago,16232927,20260519-8367-VIG,19/05/2026,19/05/2026,2:30 PM,,Agua,VIG,UESVALLE - ARO CARTAGO,4,0,Analizando,NO,8,,En seguimiento,No calculado,27/05/2026,https://gestion-muestras.valledelcauca.gov.co/home/simple-list-samples,1,25,,,,,,,,,,,,,,,,,,,,,,,,,,,,,NO
Cartago,16232927,20260519-8369-VIG,19/05/2026,19/05/2026,2:30 PM,,Agua,VIG,UESVALLE - ARO CARTAGO,4,0,Analizando,NO,8,,En seguimiento,No calculado,27/05/2026,https://gestion-muestras.valledelcauca.gov.co/home/simple-list-samples,1,27,,,,,,,,,,,,,,,,,,,,,,,,,,,,,NO
Cartago,16232927,20260519-8371-VIG,19/05/2026,19/05/2026,2:30 PM,,Agua,VIG,UESVALLE - ARO CARTAGO,4,0,Analizando,NO,8,,En seguimiento,No calculado,27/05/2026,https://gestion-muestras.valledelcauca.gov.co/home/simple-list-samples,1,24,,,,,,,,,,,,,,,,,,,,,,,,,,,,,NO
Cartago,16232927,20260519-8374-VIG,19/05/2026,19/05/2026,2:30 PM,,Agua,VIG,UESVALLE - ARO CARTAGO,4,0,Analizando,NO,8,,En seguimiento,No calculado,27/05/2026,https://gestion-muestras.valledelcauca.gov.co/home/simple-list-samples,1,26,,,,,,,,,,,,,,,,,,,,,,,,,,,,,NO
Tulua,16551281,20260519-8380-VIG,19/05/2026,19/05/2026,2:30 PM,,Agua,VIG,UESVALLE - ARO TULUÁ,4,0,Analizando,NO,8,,En seguimiento,No calculado,27/05/2026,https://gestion-muestras.valledelcauca.gov.co/home/simple-list-samples,1,27,,,,,,,,,,,,,,,,,,,,,,,,,,,,,NO
Tulua,16551281,20260519-8381-VIG,19/05/2026,19/05/2026,2:30 PM,,Agua,VIG,UESVALLE - ARO TULUÁ,4,0,Analizando,NO,8,,En seguimiento,No calculado,27/05/2026,https://gestion-muestras.valledelcauca.gov.co/home/simple-list-samples,1,30,,,,,,,,,,,,,,,,,,,,,,,,,,,,,NO
Tulua,16551281,20260519-8382-VIG,19/05/2026,19/05/2026,2:30 PM,,Agua,VIG,UESVALLE - ARO TULUÁ,4,0,Analizando,NO,8,,En seguimiento,No calculado,27/05/2026,https://gestion-muestras.valledelcauca.gov.co/home/simple-list-samples,1,29,,,,,,,,,,,,,,,,,,,,,,,,,,,,,NO
Tulua,16551281,20260519-8384-VIG,19/05/2026,19/05/2026,2:30 PM,,Agua,VIG,UESVALLE - ARO TULUÁ,4,0,Analizando,NO,8,,En seguimiento,No calculado,27/05/2026,https://gestion-muestras.valledelcauca.gov.co/home/simple-list-samples,1,28,,,,,,,,,,,,,,,,,,,,,,,,,,,,,NO
Tulua,16551281,20260519-8385-VIG,19/05/2026,19/05/2026,2:30 PM,,Agua,VIG,UESVALLE - ARO TULUÁ,4,0,Analizando,NO,8,,En seguimiento,No calculado,27/05/2026,https://gestion-muestras.valledelcauca.gov.co/home/simple-list-samples,1,26,,,,,,,,,,,,,,,,,,,,,,,,,,,,,NO
Tulua,16551281,20260519-8388-VIG,19/05/2026,19/05/2026,2:30 PM,,Agua,VIG,UESVALLE - ARO TULUÁ,4,0,Analizando,NO,8,,En seguimiento,No calculado,27/05/2026,https://gestion-muestras.valledelcauca.gov.co/home/simple-list-samples,1,31,,,,,,,,,,,,,,,,,,,,,,,,,,,,,NO
Cali,31641854,20260513-8315-VIG,13/05/2026,13/05/2026,2:00 PM,25/05/2026,Agua,VIG,UESVALLE - ARO CALI,4,0,Finalizada,SI,14,12.0,Finalizada,Normal,27/05/2026,https://gestion-muestras.valledelcauca.gov.co/home/simple-list-samples,1,40,VIGILANCIA RUTINARIA,13/05/2026,01162,Agua tratada,SD,GRIFO INSTALADO EN EL LAVADERO,PORTERIA CONJUNTO CAMPESTRE AMBICHINTE.,76 - VALLE DEL CAUCA,76233 - DAGUA,RURAL,BORRERO AYERBE. KM 28.,,QUEBRADA,AMBICHINTE,76 - VALLE DEL CAUCA,76233 - DAGUA,ACUEDUCTO,CONJUNTO CAMPESTRE AMBICHINTE,3145838221,KM.28. ANTIGUA VIA AL MAR - CONJ. CAMPES,UESVALLE - ARO CALI,GUSTAVO HINESTROZA,"REPRESENTANTE LEGAL: NICOLAS CAICEDO TRUJILLO CC 16'592.941, TIEMPO SECO. NOTA: LA MUESTRA DE COLOR APARENTE SE ENTREGA EN FRASCO DE VIDRIO ÁMBAR DE 1.000 ML. MEDICIÓN DE COLOR APARENTE EN CAMPO = 0 PCU.",13/05/2026,Cali,muestras_fichas_CONSOLIDADO_lote_20260526_2110.csv,20260526_2110,G:\.shortcut-targets-by-id\1yROfpmz8yE8ttn9XJ1jioWMULcTpV8XA\2026\Agua para consumo\Resultados_muestras\Control_Descargas\Lote_20260526_2110\muestras_fichas_CONSOLIDADO_lote_20260526_2110.csv,SI
Cali,31641854,20260513-8319-VIG,13/05/2026,13/05/2026,2:00 PM,25/05/2026,Agua,VIG,UESVALLE - ARO CALI,4,0,Finalizada,SI,14,12.0,Finalizada,Normal,27/05/2026,https://gestion-muestras.valledelcauca.gov.co/home/simple-list-samples,1,39,VIGILANCIA RUTINARIA,13/05/2026,01163,Agua tratada,1,PUNTO 1. ENTRADA DE COLEGIO.,COLEGIO SANTA TERESITA,76 - VALLE DEL CAUCA,76233 - DAGUA,RURAL,CORREGIMIENTO EL CARMEN,,NACIMIENTO,LA BALASTRERA,76 - VALLE DEL CAUCA,76233 - DAGUA,ACUEDUCTO,ACUAVALLE S.A ESP,6022459274,CALLE 8 N 13 - 24,UESVALLE - ARO CALI,GUSTAVO ENRIQUE HINESTROZA,REPRESENTANTE LEGAL: JORGE ENRIQUE SÁNCHEZ CERON CC 6319264 TIEMPO SECO. NOTA: LA MUESTRA DE COLOR APARENTE SE ENTREGA EN FRASCO DE VIDRIO ÁMBAR DE 1.000 ML. MEDICIÓN DE COLOR APARENTE EN CAMPO = 0 PCU.,13/05/2026,Cali,muestras_fichas_CONSOLIDADO_lote_20260526_2110.csv,20260526_2110,G:\.shortcut-targets-by-id\1yROfpmz8yE8ttn9XJ1jioWMULcTpV8XA\2026\Agua para consumo\Resultados_muestras\Control_Descargas\Lote_20260526_2110\muestras_fichas_CONSOLIDADO_lote_20260526_2110.csv,SI
Cali,31641854,20260513-8325-VIG,13/05/2026,13/05/2026,2:00 PM,25/05/2026,Agua,VIG,UESVALLE - ARO CALI,4,0,Finalizada,SI,14,12.0,Finalizada,Normal,27/05/2026,https://gestion-muestras.valledelcauca.gov.co/home/simple-list-samples,1,37,VIGILANCIA RUTINARIA,13/05/2026,01164,Agua tratada,3,CONTIGUO A TANQUE 2,TANQUE 2. PARCELACION PIRINEOS.,76 - VALLE DEL CAUCA,76233 - DAGUA,RURAL,JIGUALES,,RÍO,JORDAN,76 - VALLE DEL CAUCA,76233 - DAGUA,ACUEDUCTO,ASOCIACION ACUEDUCTO RURAL LA VIRGINIA,3126539762,KM 32 VIA EL QUEREMAL,UESVALLE - ARO CALI,GUSTAVO ENRIQUE HINESTROZA,REPRESENTANTE LEGAL: LEONARDO ENRIQUE ÑAÑEZ RODRIGUEZ CC 94'492.223. TIEMPO SECO. LA MUESTRA DE COLOR APARENTE SE ENTREGA EN FRASCO DE VIDRIO ÁMBAR DE 1.000 ML. MEDICIÓN DE COLOR APARENTE RESULTADO EN CAMPO = 7 PCU.,13/05/2026,Cali,muestras_fichas_CONSOLIDADO_lote_20260526_2110.csv,20260526_2110,G:\.shortcut-targets-by-id\1yROfpmz8yE8ttn9XJ1jioWMULcTpV8XA\2026\Agua para consumo\Resultados_muestras\Control_Descargas\Lote_20260526_2110\muestras_fichas_CONSOLIDADO_lote_20260526_2110.csv,SI
Cali,31641854,20260513-8329-VIG,13/05/2026,13/05/2026,2:00 PM,25/05/2026,Agua,VIG,UESVALLE - ARO CALI,4,0,Finalizada,SI,14,12.0,Finalizada,Normal,27/05/2026,https://gestion-muestras.valledelcauca.gov.co/home/simple-list-samples,1,34,VIGILANCIA RUTINARIA,13/05/2026,01165,Agua tratada,413,FRENTE A LA VIVIENDA,CASA ESPERANZA LAS CAMELIAS,76 - VALLE DEL CAUCA,76233 - DAGUA,RURAL,VEREDA LAS CAMELIAS,,RÍO,QUEBRADAS LAS DELICIAS Y EL ALMORZADERO,76 - VALLE DEL CAUCA,76233 - DAGUA,ACUEDUCTO,asoc de usuarios del serv de agua potable y alcantarillado de camelias- asuapacecs,3176818222,vereda las camelias,UESVALLE - ARO CALI,GUSTAVO ENRIQUE HINESTROZA,REPRESENTANTE LEGAL: JUSTO MORALES CC 6'253.069. TIEMPO SECO. LA MUESTRA DE COLOR APARENTE SE ENTREGA EN FRASCO DE VIDRIO ÁMBAR DE 1.000 ML. MEDICIÓN DE COLOR APARENTE RESULTADO EN CAMPO = 9 PCU.,13/05/2026,Cali,muestras_fichas_CONSOLIDADO_lote_20260526_2110.csv,20260526_2110,G:\.shortcut-targets-by-id\1yROfpmz8yE8ttn9XJ1jioWMULcTpV8XA\2026\Agua para consumo\Resultados_muestras\Control_Descargas\Lote_20260526_2110\muestras_fichas_CONSOLIDADO_lote_20260526_2110.csv,SI
Cali,31641854,20260513-8332-VIG,13/05/2026,13/05/2026,2:00 PM,25/05/2026,Agua,VIG,UESVALLE - ARO CALI,4,0,Finalizada,SI,14,12.0,Finalizada,Normal,27/05/2026,https://gestion-muestras.valledelcauca.gov.co/home/simple-list-samples,1,35,VIGILANCIA RUTINARIA,13/05/2026,01166,Agua tratada,0111,frente a oficina asuaq,carrera 10 # 9-15 el queremal,76 - VALLE DEL CAUCA,76233 - DAGUA,RURAL,corregimiento el queremal,,RÍO,san juan,76 - VALLE DEL CAUCA,76233 - DAGUA,ACUEDUCTO,ASOCIACION DE USUARIOS DEL SERVICIO DE AGUA POTABLE Y ALCANTARILLADO QUEREMAL ASUAQ,2687392,Cr.10 # 9-15 Queremal,UESVALLE - ARO CALI,GUSTAVO ENRIQUE HINESTROZA,REPRESENTANTE LEGAL: otto belizario noguera CC 2'553.042. TIEMPO SECO. LA MUESTRA DE COLOR APARENTE SE ENTREGA EN FRASCO DE VIDRIO ÁMBAR DE 1.000 ML. MEDICIÓN DE COLOR APARENTE RESULTADO EN CAMPO = 7 PCU.,13/05/2026,Cali,muestras_fichas_CONSOLIDADO_lote_20260526_2110.csv,20260526_2110,G:\.shortcut-targets-by-id\1yROfpmz8yE8ttn9XJ1jioWMULcTpV8XA\2026\Agua para consumo\Resultados_muestras\Control_Descargas\Lote_20260526_2110\muestras_fichas_CONSOLIDADO_lote_20260526_2110.csv,SI
Cali,31641854,20260513-8336-VIG,13/05/2026,13/05/2026,2:00 PM,25/05/2026,Agua,VIG,UESVALLE - ARO CALI,4,0,Finalizada,SI,14,12.0,Finalizada,Normal,27/05/2026,https://gestion-muestras.valledelcauca.gov.co/home/simple-list-samples,1,38,VIGILANCIA RUTINARIA,13/05/2026,01167,Agua tratada,2,cerca a porteria de salida via km 30,km 33.5 via cali-b/tura PARCELACION EL CORTIJO DEL PALMAR,76 - VALLE DEL CAUCA,76233 - DAGUA,RURAL,corregimiento el palmar,,NACIMIENTO,la rosita,76 - VALLE DEL CAUCA,76233 - DAGUA,ACUEDUCTO,PARCELACION EL CORTIJO DEL PALMAR,3206301922,PARCELACION EL CORTIJO DEL PALMAR,UESVALLE - ARO CALI,GUSTAVO ENRIQUE HINESTROZA,REPRESENTANTE LEGAL: VERONICA VARGAS VILLADA CC 38'876.698. TIEMPO SECO. LA MUESTRA DE COLOR APARENTE SE ENTREGA EN FRASCO DE VIDRIO ÁMBAR DE 1.000 ML. MEDICIÓN DE COLOR APARENTE RESULTADO EN CAMPO = 2 PCU.,13/05/2026,Cali,muestras_fichas_CONSOLIDADO_lote_20260526_2110.csv,20260526_2110,G:\.shortcut-targets-by-id\1yROfpmz8yE8ttn9XJ1jioWMULcTpV8XA\2026\Agua para consumo\Resultados_muestras\Control_Descargas\Lote_20260526_2110\muestras_fichas_CONSOLIDADO_lote_20260526_2110.csv,SI
Cali,31641854,20260513-8341-VIG,13/05/2026,13/05/2026,2:00 PM,25/05/2026,Agua,VIG,UESVALLE - ARO CALI,4,0,Finalizada,SI,14,12.0,Finalizada,Normal,27/05/2026,https://gestion-muestras.valledelcauca.gov.co/home/simple-list-samples,1,36,VIGILANCIA RUTINARIA,13/05/2026,01168,Agua tratada,2422,AL LADO POSTE ALUMBRADO SOBRE CRUCERO VIA FERREA,CASA JOHN BEDOYA,76 - VALLE DEL CAUCA,76233 - DAGUA,RURAL,VEREDA LAS CAMELIAS KM 95,,QUEBRADA,CENTELLA,76 - VALLE DEL CAUCA,76233 - DAGUA,ACUEDUCTO,ASOCIACIÓN DE USUARIOS DEL SERVICIO DE AGUA Y ALCANTARILLADO SAN VICENTE KM 95 ALTO CAMELIAS CENTELL,3106642886,VEREDA LAS CAMELIAS KM 95 ALTO,UESVALLE - ARO CALI,GUSTAVO ENRIQUE HINESTROZA,REPRESENTANTE LEGAL: OTILIO RUIZ CHAVEZ CC 14'605.030. TIEMPO SECO. LA MUESTRA DE COLOR APARENTE SE ENTREGA EN FRASCO DE VIDRIO ÁMBAR DE 1.000 ML. MEDICIÓN DE COLOR APARENTE RESULTADO EN CAMPO = 13.7 PCU.,13/05/2026,Cali,muestras_fichas_CONSOLIDADO_lote_20260526_2110.csv,20260526_2110,G:\.shortcut-targets-by-id\1yROfpmz8yE8ttn9XJ1jioWMULcTpV8XA\2026\Agua para consumo\Resultados_muestras\Control_Descargas\Lote_20260526_2110\muestras_fichas_CONSOLIDADO_lote_20260526_2110.csv,SI
Tulua,16551281,20260513-8313-VIG,13/05/2026,13/05/2026,2:05 PM,25/05/2026,Agua,VIG,UESVALLE - ARO TULUÁ,4,0,Finalizada,SI,14,12.0,Finalizada,Normal,27/05/2026,https://gestion-muestras.valledelcauca.gov.co/home/simple-list-samples,1,33,VIGILANCIA RUTINARIA,13/05/2026,01077,Agua tratada,76670-3,GRIFO INSTALADO PUNTO FIJO,CASA FAMILIA MORENO,76 - VALLE DEL CAUCA,76670 - SAN PEDRO,RURAL,LOS CHANCOS,,QUEBRADA,QUEBRADA LA ARTIETA,76 - VALLE DEL CAUCA,76670 - SAN PEDRO,ACUEDUCTO,ASOC DE USUARIOS DEL ACUEDUCTO LOS CHANCOS,3175749509,LOS CHANCOS,UESVALLE - ARO TULUÁ,VICTOR HUGO TASCON,"REPRESENTANTE LEGAL JIMMY TASCON L, SE REALIZA ANALISIS DE FQ EN FRASCO AMBAR DE 1000CC SE REALIZO ANALISIS DE COLOR APARENTE 7 PCU.",13/05/2026,Tuluá,muestras_fichas_CONSOLIDADO_lote_20260526_1615.csv,20260526_1615,G:\.shortcut-targets-by-id\1yROfpmz8yE8ttn9XJ1jioWMULcTpV8XA\2026\Agua para consumo\Resultados_muestras\Control_Descargas\Lote_20260526_1615\muestras_fichas_CONSOLIDADO_lote_20260526_1615.csv,SI
Tulua,16551281,20260513-8318-VIG,13/05/2026,13/05/2026,2:05 PM,25/05/2026,Agua,VIG,UESVALLE - ARO TULUÁ,4,0,Finalizada,SI,14,12.0,Finalizada,Normal,27/05/2026,https://gestion-muestras.valledelcauca.gov.co/home/simple-list-samples,1,38,,13/05/2026,01081,Agua tratada,76670-1,grifo instalado punto fijo,salida tanque,76 - VALLE DEL CAUCA,76670 - SAN PEDRO,RURAL,san jose,,POZO,profundo,76 - VALLE DEL CAUCA,76670 - SAN PEDRO,ACUEDUCTO,ASOC DE USUARIOS DEL ACUEDUCTO SAN JOSE ASAAL,3122103180,SAN JOSE,UESVALLE - ARO TULUÁ,victor HUGO tascon T,"rep legal jhon jairo, se toma muestra de fq en frasco ambar de 1000cc se toma muestra de dureza y calcio se realiza analisis de color aparente 0 pcv NOTA: SE REALIZA RECHAZO DE MUESTRA PARA ANALISIS DE DUREZA Y CALCIO DEBIDO A QUE LA MUESTRA NO ESTA PROGRAMADA",13/05/2026,Tuluá,muestras_fichas_CONSOLIDADO_lote_20260526_1615.csv,20260526_1615,G:\.shortcut-targets-by-id\1yROfpmz8yE8ttn9XJ1jioWMULcTpV8XA\2026\Agua para consumo\Resultados_muestras\Control_Descargas\Lote_20260526_1615\muestras_fichas_CONSOLIDADO_lote_20260526_1615.csv,SI
Tulua,16551281,20260513-8320-VIG,13/05/2026,13/05/2026,2:05 PM,25/05/2026,Agua,VIG,UESVALLE - ARO TULUÁ,4,0,Finalizada,SI,14,12.0,Finalizada,Normal,27/05/2026,https://gestion-muestras.valledelcauca.gov.co/home/simple-list-samples,1,34,VIGILANCIA RUTINARIA,13/05/2026,02577,Agua tratada,76736-1,punto fijo grifo instalado,escuela santa barbara,76 - VALLE DEL CAUCA,76736 - SEVILLA,RURAL,corozal,,QUEBRADA,palomino,76 - VALLE DEL CAUCA,76736 - SEVILLA,ACUEDUCTO,ASOCIACION DE USUARIOS DEL CORREGIMIENTO DE COROZAL - AGUA-VITAL COROZAL,3164804639,CGTO COROZAL,UESVALLE - ARO TULUÁ,natalia raigosa MEDINA,"la muestra PARA ANALISIS FISICOQUIMICO Y COLOR APARENTE SE TOMA EN ENVASE DE COLOR AMBAR DE 1000ML,color aparente 0 pcu representante legal edwin alberto walter",13/05/2026,Tuluá,muestras_fichas_CONSOLIDADO_lote_20260526_1615.csv,20260526_1615,G:\.shortcut-targets-by-id\1yROfpmz8yE8ttn9XJ1jioWMULcTpV8XA\2026\Agua para consumo\Resultados_muestras\Control_Descargas\Lote_20260526_1615\muestras_fichas_CONSOLIDADO_lote_20260526_1615.csv,SI
Tulua,16551281,20260513-8321-VIG,13/05/2026,13/05/2026,2:05 PM,25/05/2026,Agua,VIG,UESVALLE - ARO TULUÁ,4,0,Finalizada,SI,14,12.0,Finalizada,Normal,27/05/2026,https://gestion-muestras.valledelcauca.gov.co/home/simple-list-samples,1,32,VIGILANCIA RUTINARIA,13/05/2026,01080,Agua tratada,76670,FILTRO EKOFIL,VIVIENDA TESORERA,76 - VALLE DEL CAUCA,76670 - SAN PEDRO,RURAL,MONTERREDONDO,,QUEBRADA,Q. PAVAS,76 - VALLE DEL CAUCA,76670 - SAN PEDRO,ACUEDUCTO,ASOCIACION DE USUARIOS DEL ACUEDUCTO MONTERREDONDO ESP,3146707688,VDA MONTERREDONDO,UESVALLE - ARO TULUÁ,VICTOR HUGO TASCON,"REP. LEGAL: ELIZABETH VILLA, SE TOMA MUESTRA DE F.Q. EN FRASCO AMBAR DE 1000 C.C, SE REALIZA ANALISIS DE COLOR APARENTE 0 PCU, SE TOMA MUESTRA DE FILTRO EKOFIL",13/05/2026,Tuluá,muestras_fichas_CONSOLIDADO_lote_20260526_1615.csv,20260526_1615,G:\.shortcut-targets-by-id\1yROfpmz8yE8ttn9XJ1jioWMULcTpV8XA\2026\Agua para consumo\Resultados_muestras\Control_Descargas\Lote_20260526_1615\muestras_fichas_CONSOLIDADO_lote_20260526_1615.csv,SI
Tulua,16551281,20260513-8322-VIG,13/05/2026,13/05/2026,2:05 PM,25/05/2026,Agua,VIG,UESVALLE - ARO TULUÁ,4,0,Finalizada,SI,14,12.0,Finalizada,Normal,27/05/2026,https://gestion-muestras.valledelcauca.gov.co/home/simple-list-samples,1,35,VIGILANCIA RUTINARIA,13/05/2026,02579,Agua cruda,76736-2,filtro ekofil,casa alberto salazar,76 - VALLE DEL CAUCA,76736 - SEVILLA,RURAL,estacion caicedonia,,QUEBRADA,la honda,76 - VALLE DEL CAUCA,76736 - SEVILLA,ACUEDUCTO,JUNTA ADMINISTRADORA DEL ACUEDUCTO DE LA VEREDA ESTACION CAICEDONIA,3215593107,ESTACION CAICEDONIA,UESVALLE - ARO TULUÁ,natalia raigosa MEDINA,"la muestra PARA ANALISIS FISICOQUIMICO Y COLOR APARENTE SE TOMA EN ENVASE DE COLOR AMBAR DE 1000ML,color aparente 1 pcu representante legal albeiro de jesus marin no requiere analisis de cloro residual, se toma en filtro ekofil",13/05/2026,Tuluá,muestras_fichas_CONSOLIDADO_lote_20260526_1615.csv,20260526_1615,G:\.shortcut-targets-by-id\1yROfpmz8yE8ttn9XJ1jioWMULcTpV8XA\2026\Agua para consumo\Resultados_muestras\Control_Descargas\Lote_20260526_1615\muestras_fichas_CONSOLIDADO_lote_20260526_1615.csv,SI
Tulua,16551281,20260513-8323-VIG,13/05/2026,13/05/2026,2:05 PM,25/05/2026,Agua,VIG,UESVALLE - ARO TULUÁ,4,0,Finalizada,SI,14,12.0,Finalizada,Normal,27/05/2026,https://gestion-muestras.valledelcauca.gov.co/home/simple-list-samples,1,39,VIGILANCIA RUTINARIA,13/05/2026,02578,Agua tratada,76736-1,GRIFO INSTALADO PUNTO FIJO,VIVIENDA JORGE PARRA,76 - VALLE DEL CAUCA,76736 - SEVILLA,RURAL,BUENOS AIRES,,QUEBRADA,PALOMINO,76 - VALLE DEL CAUCA,76736 - SEVILLA,ACUEDUCTO,ASOCIACION DE USUARIOS DEL ACUEDUCTO DE LA VEREDA BUENOS AIRES - AGUAVIVA,3226282416,VDA BUENOS AIRES,UESVALLE - ARO TULUÁ,NATALIA RAIGOSA MEDINA,LA MUESTRA PARA ANALISIS FISICO QUIMICO Y COLOR APARENTE SE TOMA EN ENVASE COLOR AMBAR DE 1000ML COLOR APARENTE 1PCU REPRESENTANTE LEGAL CARLOS JAIME TORRES CON CC 78385450,13/05/2026,Tuluá,muestras_fichas_CONSOLIDADO_lote_20260526_1615.csv,20260526_1615,G:\.shortcut-targets-by-id\1yROfpmz8yE8ttn9XJ1jioWMULcTpV8XA\2026\Agua para consumo\Resultados_muestras\Control_Descargas\Lote_20260526_1615\muestras_fichas_CONSOLIDADO_lote_20260526_1615.csv,SI
Tulua,16551281,20260513-8324-VIG,13/05/2026,13/05/2026,2:05 PM,25/05/2026,Agua,VIG,UESVALLE - ARO TULUÁ,4,0,Finalizada,SI,14,12.0,Finalizada,Normal,27/05/2026,https://gestion-muestras.valledelcauca.gov.co/home/simple-list-samples,1,37,VIGILANCIA RUTINARIA,13/05/2026,02581,Agua cruda,76736-2,grifo instalado en punto fijo,ie uribe sede santa ines,76 - VALLE DEL CAUCA,76736 - SEVILLA,RURAL,el crucero,,QUEBRADA,el rocio,76 - VALLE DEL CAUCA,76736 - SEVILLA,ACUEDUCTO,ASOCIACION DE USUARIOS DEL ACUEDUCTO DE LA VEREDA EL CRUCERO,3113602102,EL CRUZERO,UESVALLE - ARO TULUÁ,natalia raigosa MEDINA,"la muestra PARA ANALISIS FISICOQUIMICO Y COLOR APARENTE SE TOMA EN ENVASE DE COLOR AMBAR DE 1000ML,color aparente 81 pcu representante legal cristina lopez con cc 387556915",13/05/2026,Tuluá,muestras_fichas_CONSOLIDADO_lote_20260526_1615.csv,20260526_1615,G:\.shortcut-targets-by-id\1yROfpmz8yE8ttn9XJ1jioWMULcTpV8XA\2026\Agua para consumo\Resultados_muestras\Control_Descargas\Lote_20260526_1615\muestras_fichas_CONSOLIDADO_lote_20260526_1615.csv,SI
Tulua,16551281,20260513-8327-VIG,13/05/2026,13/05/2026,2:05 PM,25/05/2026,Agua,VIG,UESVALLE - ARO TULUÁ,4,0,Finalizada,SI,14,12.0,Finalizada,Normal,27/05/2026,https://gestion-muestras.valledelcauca.gov.co/home/simple-list-samples,1,36,VIGILANCIA RUTINARIA,13/05/2026,02580,Agua cruda,76736-1,grifo instalado,escuela alto recreo,76 - VALLE DEL CAUCA,76736 - SEVILLA,RURAL,alto recreo,,NACIMIENTO,nacimiento,76 - VALLE DEL CAUCA,76736 - SEVILLA,ACUEDUCTO,ASOCIACION DE USUARIOS DEL ACUEDUCTO DE LA VEREDA ALTO DEL RECREO,3122113092,VDA ALTO RECREO,UESVALLE - ARO TULUÁ,natalia raigosa MEDINA,la muestra para analisis fisicoquimico y color aparente se toma en envase color ambar de 1000 ml color aparente= 0pcu representante legal ramiro gutierrez con cc 6465913 no hubo acompañamiento por parte del acueducto,13/05/2026,Tuluá,muestras_fichas_CONSOLIDADO_lote_20260526_1615.csv,20260526_1615,G:\.shortcut-targets-by-id\1yROfpmz8yE8ttn9XJ1jioWMULcTpV8XA\2026\Agua para consumo\Resultados_muestras\Control_Descargas\Lote_20260526_1615\muestras_fichas_CONSOLIDADO_lote_20260526_1615.csv,SI
Cali,31641854,20260512-8282-VIG,12/05/2026,12/05/2026,2:40 PM,24/05/2026,Agua,VIG,UESVALLE - ARO CALI,4,0,Finalizada,SI,15,12.0,Finalizada,Normal,27/05/2026,https://gestion-muestras.valledelcauca.gov.co/home/simple-list-samples,1,45,VIGILANCIA RUTINARIA,12/05/2026,01123,Agua tratada,3772,OFICINA ACUAVALLE,CALLE 1 # 4 - 80,76 - VALLE DEL CAUCA,76377 - LA CUMBRE,URBANO,,CENTRO,QUEBRADA,"EL SILENCIO, CHICORAL Y CENTENARIO",76 - VALLE DEL CAUCA,76377 - LA CUMBRE,ACUEDUCTO,SOCIEDAD DE ACUEDUCTOS Y ALCANTARILLADOS DEL VALLE DEL CAUCA S.A. E.S.P. ACUAVALLE S.A. E.S.P.-LA CUMBRE,2459235,LA CUMBRE Cr.1 # 4-80 Centro,UESVALLE - ARO CALI,CARLOS CAICEDO,"REPRESENTANTE LEGAL: JORGE ENRIQUE SANCHEZ CERON CC: 6.319.264 TIEMPO: SECO, NOTA: LA MUESTRA DE COLOR APARENTE SE ENTREGA EN FRASCO AMBAR DE 1.000 ML, COLOR APARENTE EN CAMPO: 0 UPC",12/05/2026,Cali,muestras_fichas_CONSOLIDADO_lote_20260526_2110.csv,20260526_2110,G:\.shortcut-targets-by-id\1yROfpmz8yE8ttn9XJ1jioWMULcTpV8XA\2026\Agua para consumo\Resultados_muestras\Control_Descargas\Lote_20260526_2110\muestras_fichas_CONSOLIDADO_lote_20260526_2110.csv,SI
Cali,31641854,20260512-8287-VIG,12/05/2026,12/05/2026,2:40 PM,24/05/2026,Agua,VIG,UESVALLE - ARO CALI,4,0,Finalizada,SI,15,12.0,Finalizada,Normal,27/05/2026,https://gestion-muestras.valledelcauca.gov.co/home/simple-list-samples,1,41,VIGILANCIA RUTINARIA,12/05/2026,01124,Agua tratada,8003,FRENTE A CASETA COMUNAL ARBOLEDAS,CASETA COMUNAL ARBOLEDAS,76 - VALLE DEL CAUCA,76377 - LA CUMBRE,RURAL,ARBOLEDAS,,QUEBRADA,CRISTALINA Y EL SALTO,76 - VALLE DEL CAUCA,76377 - LA CUMBRE,ACUEDUCTO,JUARCO- JUNTA DEL ACUEDUCTO DE LAS VEREDAS ARBOLEDAS Y CORDOBITAS DEL MUNICIPIO DE LA CUMBRE,3117877970,CASETA COMUNAL TIENDA ARBOLEDAS LA CUMBR,UESVALLE - ARO CALI,CARLO CAICEDO,"REPRESENTANTE LEGAL: ARMANDO VARON LENIS CC: 16.615.029 TIEMPO: LLUVIOSO, NOTA: LA MUESTRA DE COLOR APARENTE SE ENTREGA EN FRASCO AMBAR DE 1.000 ML, COLOR APARENTE EN CAMPO: 37 UPC",12/05/2026,Cali,muestras_fichas_CONSOLIDADO_lote_20260526_2110.csv,20260526_2110,G:\.shortcut-targets-by-id\1yROfpmz8yE8ttn9XJ1jioWMULcTpV8XA\2026\Agua para consumo\Resultados_muestras\Control_Descargas\Lote_20260526_2110\muestras_fichas_CONSOLIDADO_lote_20260526_2110.csv,SI
Cali,31641854,20260512-8291-VIG,12/05/2026,12/05/2026,2:40 PM,24/05/2026,Agua,VIG,UESVALLE - ARO CALI,4,0,Finalizada,SI,15,12.0,Finalizada,Normal,27/05/2026,https://gestion-muestras.valledelcauca.gov.co/home/simple-list-samples,1,46,VIGILANCIA RUTINARIA,12/05/2026,01125,Agua tratada,0041,FRENTE A LA CASA VILLA LILIANA,VEREDA PARRAGA,76 - VALLE DEL CAUCA,76377 - LA CUMBRE,RURAL,VEREDA PARRAGA,,NACIMIENTO,EL CHARCO DEL DIABLO,76 - VALLE DEL CAUCA,76377 - LA CUMBRE,ACUEDUCTO,ASOCIACION DE USUARIOS DEL ACUEDUCTO DE PARRAGA,3502156645,"VEREDA PARRAGA, PAVAS",UESVALLE - ARO CALI,CARLOS CAICEDO,"REPRESENTANTE LEGAL: MARIA ISABEL REINA OSORIO CC: 66.944.496 TIEMPO: SECO, NOTA: LA MUESTRA DE COLOR APARENTE SE ENTREGA EN FRASCO AMBAR DE 1.000 ML, COLOR APARENTE EN CAMPO: 4 UPC",12/05/2026,Cali,muestras_fichas_CONSOLIDADO_lote_20260526_2110.csv,20260526_2110,G:\.shortcut-targets-by-id\1yROfpmz8yE8ttn9XJ1jioWMULcTpV8XA\2026\Agua para consumo\Resultados_muestras\Control_Descargas\Lote_20260526_2110\muestras_fichas_CONSOLIDADO_lote_20260526_2110.csv,SI
Cali,31641854,20260512-8301-VIG,12/05/2026,12/05/2026,2:40 PM,24/05/2026,Agua,VIG,UESVALLE - ARO CALI,4,0,Finalizada,SI,15,12.0,Finalizada,Normal,27/05/2026,https://gestion-muestras.valledelcauca.gov.co/home/simple-list-samples,1,44,VIGILANCIA RUTINARIA,12/05/2026,01126,Agua tratada,0093,frente iglesia sagrado apostol,iglesia de jiguales,76 - VALLE DEL CAUCA,76377 - LA CUMBRE,RURAL,jiguales,,QUEBRADA,la ventura y los chorros,76 - VALLE DEL CAUCA,76377 - LA CUMBRE,ACUEDUCTO,ASOCIACION DE USUARIOS DEL ACUEDUCTO VEREDAL UNIDO DEL CRGTO DE JIGUALES - ASOJIGUA,3117508934,CORREGIMIENTO JIGUALES,UESVALLE - ARO CALI,carlos caicedo,"REPRESENTANTE LEGAL: JaiME GOMEZ YUSTI CC: 6496625 TIEMPO: SECO, NOTA: LA MUESTRA DE COLOR APARENTE SE ENTREGA EN FRASCO AMBAR DE 1.000 ML, COLOR APARENTE EN CAMPO: 0 UPC",12/05/2026,Cali,muestras_fichas_CONSOLIDADO_lote_20260526_2110.csv,20260526_2110,G:\.shortcut-targets-by-id\1yROfpmz8yE8ttn9XJ1jioWMULcTpV8XA\2026\Agua para consumo\Resultados_muestras\Control_Descargas\Lote_20260526_2110\muestras_fichas_CONSOLIDADO_lote_20260526_2110.csv,SI
Cali,31641854,20260512-8311-VIG,12/05/2026,12/05/2026,2:40 PM,24/05/2026,Agua,VIG,UESVALLE - ARO CALI,4,0,Finalizada,SI,15,12.0,Finalizada,Normal,27/05/2026,https://gestion-muestras.valledelcauca.gov.co/home/simple-list-samples,1,42,VIGILANCIA RUTINARIA,12/05/2026,01127,Agua tratada,002,FRENTE A LA OFICINA Y PUESTO DE SALUD LA VENTURA,CANCHA MICROFUTBOL,76 - VALLE DEL CAUCA,76377 - LA CUMBRE,RURAL,VEREDA LA VENTURA,,QUEBRADA,LA VENTURA,76 - VALLE DEL CAUCA,76377 - LA CUMBRE,ACUEDUCTO,JUNTA DE AGUAS VEREDA LA VENTURA - JAGUVEN,3147797144,VIA BITACO - VENTURA,UESVALLE - ARO CALI,CARLOS CAICEDO,"REPRESENTANTE LEGAL: ELIZABETH CASTILLO AMAYA CC: 31.199.921 TIEMPO: LLUVIOSO, NOTA: LA MUESTRA DE COLOR APARENTE SE ENTREGA EN FRASCO AMBAR DE 1.000 ML, COLOR APARENTE EN CAMPO: 37 UPC",12/05/2026,Cali,muestras_fichas_CONSOLIDADO_lote_20260526_2110.csv,20260526_2110,G:\.shortcut-targets-by-id\1yROfpmz8yE8ttn9XJ1jioWMULcTpV8XA\2026\Agua para consumo\Resultados_muestras\Control_Descargas\Lote_20260526_2110\muestras_fichas_CONSOLIDADO_lote_20260526_2110.csv,SI
Cali,31641854,20260512-8312-VIG,12/05/2026,12/05/2026,2:40 PM,24/05/2026,Agua,VIG,UESVALLE - ARO CALI,4,0,Finalizada,SI,15,12.0,Finalizada,Normal,27/05/2026,https://gestion-muestras.valledelcauca.gov.co/home/simple-list-samples,1,43,VIGILANCIA RUTINARIA,12/05/2026,01128,Agua tratada,001,FRENTE A FINCA RECUCA SECTOR EL BOSQUE,SECTOR EL BOSQUE PARTE ALTA,76 - VALLE DEL CAUCA,76377 - LA CUMBRE,RURAL,LA VENTURA,,QUEBRADA,LA CAPILLA,76 - VALLE DEL CAUCA,76377 - LA CUMBRE,ACUEDUCTO,JUNTA DE AGUAS VEREDA LA VENTURA - JAGUVEN,3147797144,VIA BITACO - VENTURA,UESVALLE - ARO CALI,CARLOS CAICEDO,"REPRESENTANTE LEGAL: ELIZABETH CASTILLO AMAYA CC: 31.199.921 TIEMPO: LLUVIOSO, NOTA: LA MUESTRA DE COLOR APARENTE SE ENTREGA EN FRASCO AMBAR DE 1.000 ML, COLOR APARENTE EN CAMPO: 0 UPC",12/05/2026,Cali,muestras_fichas_CONSOLIDADO_lote_20260526_2110.csv,20260526_2110,G:\.shortcut-targets-by-id\1yROfpmz8yE8ttn9XJ1jioWMULcTpV8XA\2026\Agua para consumo\Resultados_muestras\Control_Descargas\Lote_20260526_2110\muestras_fichas_CONSOLIDADO_lote_20260526_2110.csv,SI
Cartago,16232927,20260512-8277-VIG,12/05/2026,12/05/2026,2:45 PM,24/05/2026,Agua,VIG,UESVALLE - ARO CARTAGO,4,0,Recepcionada,SI,15,12.0,Finalizada,Normal,27/05/2026,https://gestion-muestras.valledelcauca.gov.co/home/simple-list-samples,1,30,VIGILANCIA RUTINARIA,12/05/2026,00845,Agua cruda,0002,grifo,vivienda jhon jairo muelas,76 - VALLE DEL CAUCA,76497 - OBANDO,RURAL,puerto samalia,,QUEBRADA,puerto samaria,76 - VALLE DEL CAUCA,76497 - OBANDO,ACUEDUCTO,ACUEDUCTO RURAL VEREDA PUERTO SAMARIA,3148159298,VEREDA PUERTO SAMARIA,UESVALLE - ARO CARTAGO,oscar armando rios,,12/05/2026,Cartago,muestras_fichas_CONSOLIDADO_lote_20260526_1510.csv,20260526_1510,G:\.shortcut-targets-by-id\1yROfpmz8yE8ttn9XJ1jioWMULcTpV8XA\2026\Agua para consumo\Resultados_muestras\Control_Descargas\Lote_20260526_1510\muestras_fichas_CONSOLIDADO_lote_20260526_1510.csv,SI
Cartago,16232927,20260512-8279-VIG,12/05/2026,12/05/2026,2:45 PM,24/05/2026,Agua,VIG,UESVALLE - ARO CARTAGO,4,0,Finalizada,SI,15,12.0,Finalizada,Normal,27/05/2026,https://gestion-muestras.valledelcauca.gov.co/home/simple-list-samples,1,32,VIGILANCIA RUTINARIA,12/05/2026,00584,Agua cruda,0009,grifo# 0009 FINCA,finca el tOpacio vicente,76 - VALLE DEL CAUCA,76020 - ALCALÁ,RURAL,vereda belgica,,QUEBRADA,q torcoroma/q las tangas,76 - VALLE DEL CAUCA,76020 - ALCALÁ,ACUEDUCTO,ACUEDUCTO COOPERATIVA MARIAVELEZ ALCALA - SISTEMA # 3,2004668,CLL 4 # 9 - 28,UESVALLE - ARO CARTAGO,luz mila villada correa,,12/05/2026,Cartago,muestras_fichas_CONSOLIDADO_lote_20260526_1510.csv,20260526_1510,G:\.shortcut-targets-by-id\1yROfpmz8yE8ttn9XJ1jioWMULcTpV8XA\2026\Agua para consumo\Resultados_muestras\Control_Descargas\Lote_20260526_1510\muestras_fichas_CONSOLIDADO_lote_20260526_1510.csv,SI
Cartago,16232927,20260512-8280-VIG,12/05/2026,12/05/2026,2:45 PM,24/05/2026,Agua,VIG,UESVALLE - ARO CARTAGO,4,0,Finalizada,SI,15,12.0,Finalizada,Normal,27/05/2026,https://gestion-muestras.valledelcauca.gov.co/home/simple-list-samples,1,34,VIGILANCIA RUTINARIA,12/05/2026,00585,Agua tratada,0018,GRIFO# 0018 I.E,IE CRISTOBAL COLON,76 - VALLE DEL CAUCA,76020 - ALCALÁ,RURAL,LA ESTRELLA,,QUEBRADA,EL TEJAR/ BUENA VISTA,76 - VALLE DEL CAUCA,76020 - ALCALÁ,ACUEDUCTO,COOPERATIVA MARAVELEZ ALCALA ESP (SISTEMA #5),3164497301,CL 4 # 9-28,UESVALLE - ARO CARTAGO,LUZ MILA VILLADA CORREA,,12/05/2026,Cartago,muestras_fichas_CONSOLIDADO_lote_20260526_1510.csv,20260526_1510,G:\.shortcut-targets-by-id\1yROfpmz8yE8ttn9XJ1jioWMULcTpV8XA\2026\Agua para consumo\Resultados_muestras\Control_Descargas\Lote_20260526_1510\muestras_fichas_CONSOLIDADO_lote_20260526_1510.csv,SI
Cartago,16232927,20260512-8281-VIG,12/05/2026,12/05/2026,2:45 PM,24/05/2026,Agua,VIG,UESVALLE - ARO CARTAGO,4,0,Finalizada,SI,15,12.0,Finalizada,Normal,27/05/2026,https://gestion-muestras.valledelcauca.gov.co/home/simple-list-samples,1,35,VIGILANCIA RUTINARIA,12/05/2026,00586,Agua tratada,0022,GRIFO# 0022 VIVIENDA,FRENTE A VIVIENDA LESBIA CANO,76 - VALLE DEL CAUCA,76020 - ALCALÁ,RURAL,V. EL DINDE PARTE ALTA,,QUEBRADA,Q BUENA VISTA,76 - VALLE DEL CAUCA,76020 - ALCALÁ,ACUEDUCTO,COOPERATIVA MARAVELEZ ALCALA ESP (SISTEMA #6),2004608,CALLE 4 # 9-28,UESVALLE - ARO CARTAGO,LUZ MILA VILLADA CORREA,,12/05/2026,Cartago,muestras_fichas_CONSOLIDADO_lote_20260526_1510.csv,20260526_1510,G:\.shortcut-targets-by-id\1yROfpmz8yE8ttn9XJ1jioWMULcTpV8XA\2026\Agua para consumo\Resultados_muestras\Control_Descargas\Lote_20260526_1510\muestras_fichas_CONSOLIDADO_lote_20260526_1510.csv,SI
Cartago,16232927,20260512-8283-VIG,12/05/2026,12/05/2026,2:45 PM,24/05/2026,Agua,VIG,UESVALLE - ARO CARTAGO,4,0,Finalizada,SI,15,12.0,Finalizada,Normal,27/05/2026,https://gestion-muestras.valledelcauca.gov.co/home/simple-list-samples,1,36,VIGILANCIA RUTINARIA,12/05/2026,00587,Agua tratada,0028,GRIFO# 0028 FINCA,FINCA MI TERRUÑO-EFREN GIRALDO,76 - VALLE DEL CAUCA,76020 - ALCALÁ,RURAL,LA CUCHILLA ALTA,,QUEBRADA,EL ARENAL,76 - VALLE DEL CAUCA,76020 - ALCALÁ,ACUEDUCTO,COOPERATIVA MARAVELEZ ALCALA ESP (SISTEMA #7),2004668,CL 4 # 9-28,UESVALLE - ARO CARTAGO,LUZ MILA VILLADA CORREA,,12/05/2026,Cartago,muestras_fichas_CONSOLIDADO_lote_20260526_1510.csv,20260526_1510,G:\.shortcut-targets-by-id\1yROfpmz8yE8ttn9XJ1jioWMULcTpV8XA\2026\Agua para consumo\Resultados_muestras\Control_Descargas\Lote_20260526_1510\muestras_fichas_CONSOLIDADO_lote_20260526_1510.csv,SI
Cartago,16232927,20260512-8286-VIG,12/05/2026,12/05/2026,2:45 PM,24/05/2026,Agua,VIG,UESVALLE - ARO CARTAGO,4,0,Finalizada,SI,15,12.0,Finalizada,Normal,27/05/2026,https://gestion-muestras.valledelcauca.gov.co/home/simple-list-samples,1,29,VIGILANCIA RUTINARIA,12/05/2026,00589,Agua cruda,0031,GRIFO# 0031 FINCA,FINCA EL JARDIN DESIDERIO,76 - VALLE DEL CAUCA,76020 - ALCALÁ,RURAL,V CUCHILLA PARTE BAJA,,QUEBRADA,Q SAN FELIPE,76 - VALLE DEL CAUCA,76020 - ALCALÁ,ACUEDUCTO,COOPERATIVA MARAVELEZ ALCALA ESP (SISTEMA #8),3164497301,CALLE 4 # 9 - 28,UESVALLE - ARO CARTAGO,LUZ MILA VILLADA CORREA,,12/05/2026,Cartago,muestras_fichas_CONSOLIDADO_lote_20260526_1510.csv,20260526_1510,G:\.shortcut-targets-by-id\1yROfpmz8yE8ttn9XJ1jioWMULcTpV8XA\2026\Agua para consumo\Resultados_muestras\Control_Descargas\Lote_20260526_1510\muestras_fichas_CONSOLIDADO_lote_20260526_1510.csv,SI
Cartago,16232927,20260512-8294-VIG,12/05/2026,12/05/2026,2:45 PM,24/05/2026,Agua,VIG,UESVALLE - ARO CARTAGO,4,0,Finalizada,SI,15,12.0,Finalizada,Normal,27/05/2026,https://gestion-muestras.valledelcauca.gov.co/home/simple-list-samples,1,37,,12/05/2026,00846,,0004,grifo,finca aura carmen bermudez,,,RURAL,el chuzo,,QUEBRADA,cominales,,,ACUEDUCTO,ASOCIACION DE ACUEDUCTO VEREDAL EL CHUZO SALEM LIMONES,3166570543,"VEREDA YUCATAN ,CHUZO,SALEM ,LIMONES",UESVALLE - ARO CARTAGO,oscar armando rios,,12/05/2026,Cartago,muestras_fichas_CONSOLIDADO_lote_20260526_1510.csv,20260526_1510,G:\.shortcut-targets-by-id\1yROfpmz8yE8ttn9XJ1jioWMULcTpV8XA\2026\Agua para consumo\Resultados_muestras\Control_Descargas\Lote_20260526_1510\muestras_fichas_CONSOLIDADO_lote_20260526_1510.csv,SI
Cartago,16232927,20260512-8306-VIG,12/05/2026,12/05/2026,2:45 PM,24/05/2026,Agua,VIG,UESVALLE - ARO CARTAGO,4,0,Finalizada,SI,15,12.0,Finalizada,Normal,27/05/2026,https://gestion-muestras.valledelcauca.gov.co/home/simple-list-samples,1,33,VIGILANCIA RUTINARIA,12/05/2026,00847,Agua cruda,0002,grifo,vivienda gilberto RAMIREZ,76 - VALLE DEL CAUCA,76497 - OBANDO,RURAL,YUCATAN LIMONES,,QUEBRADA,COMINALES Y SANDE,76 - VALLE DEL CAUCA,76497 - OBANDO,ACUEDUCTO,"ASOCIACION DE USUARIOS DEL ACUEDUCTO AGUAS, AGUA Y VIDA YUCATAN Y LIMONES",3148275892,CORREGIMIENTO DE YUCATAN Y LIMONES,UESVALLE - ARO CARTAGO,oscar armando rios,,12/05/2026,Cartago,muestras_fichas_CONSOLIDADO_lote_20260526_1510.csv,20260526_1510,G:\.shortcut-targets-by-id\1yROfpmz8yE8ttn9XJ1jioWMULcTpV8XA\2026\Agua para consumo\Resultados_muestras\Control_Descargas\Lote_20260526_1510\muestras_fichas_CONSOLIDADO_lote_20260526_1510.csv,SI
Cartago,16232927,20260512-8307-VIG,12/05/2026,12/05/2026,2:45 PM,24/05/2026,Agua,VIG,UESVALLE - ARO CARTAGO,4,0,Finalizada,SI,15,12.0,Finalizada,Normal,27/05/2026,https://gestion-muestras.valledelcauca.gov.co/home/simple-list-samples,1,31,VIGILANCIA RUTINARIA,12/05/2026,00848,Agua cruda,0002,grifo,frente a capilla,76 - VALLE DEL CAUCA,76497 - OBANDO,RURAL,cruces,,QUEBRADA,cruces,76 - VALLE DEL CAUCA,76497 - OBANDO,ACUEDUCTO,JUNTA ADMINISTRADORA DEL ACUEDUCTO DE CRUCES,3104914740,CORREGIMIENTO CRUCES,UESVALLE - ARO CARTAGO,oscar armando rios,,12/05/2026,Cartago,muestras_fichas_CONSOLIDADO_lote_20260526_1510.csv,20260526_1510,G:\.shortcut-targets-by-id\1yROfpmz8yE8ttn9XJ1jioWMULcTpV8XA\2026\Agua para consumo\Resultados_muestras\Control_Descargas\Lote_20260526_1510\muestras_fichas_CONSOLIDADO_lote_20260526_1510.csv,SI
Tulua,16551281,20260512-8296-VIG,12/05/2026,12/05/2026,2:45 PM,24/05/2026,Agua,VIG,UESVALLE - ARO TULUÁ,4,0,Finalizada,SI,15,12.0,Finalizada,Normal,27/05/2026,https://gestion-muestras.valledelcauca.gov.co/home/simple-list-samples,1,46,VIGILANCIA RUTINARIA,12/05/2026,01072,Agua tratada,76126,filtro ekofil,sede escolar jhon f kennedy,76 - VALLE DEL CAUCA,76126 - CALIMA,RURAL,la gaviota,,QUEBRADA,la leona,76 - VALLE DEL CAUCA,76126 - CALIMA,ACUEDUCTO,ACUEDUCTO RURAL LA GAVIOTA BAJA - ACUAGAVIOTA,3154123740,LA GAVIOTA BAJO,UESVALLE - ARO TULUÁ,victor hugo tascon,"REP LEGAL eduardo jaramillo SE TOMA MUESTRA FISICO QUIMICO Y COLOR PARENTE EN FRACO AMBAR DE 1000 C, C se realiza analisis de color aparente 0 pcu se toma muestra en filtro ekofil",12/05/2026,Tuluá,muestras_fichas_CONSOLIDADO_lote_20260526_1615.csv,20260526_1615,G:\.shortcut-targets-by-id\1yROfpmz8yE8ttn9XJ1jioWMULcTpV8XA\2026\Agua para consumo\Resultados_muestras\Control_Descargas\Lote_20260526_1615\muestras_fichas_CONSOLIDADO_lote_20260526_1615.csv,SI
Tulua,16551281,20260512-8297-VIG,12/05/2026,12/05/2026,2:45 PM,24/05/2026,Agua,VIG,UESVALLE - ARO TULUÁ,4,0,Finalizada,SI,15,12.0,Finalizada,Normal,27/05/2026,https://gestion-muestras.valledelcauca.gov.co/home/simple-list-samples,1,45,VIGILANCIA RUTINARIA,12/05/2026,01075,Agua cruda,76126,FILTRO EKOFIL,SEDE EDUCATIVA GENERAL SANTANDER,76 - VALLE DEL CAUCA,76126 - CALIMA,RURAL,LA FLORIDA,,QUEBRADA,LA RIVERA,76 - VALLE DEL CAUCA,76126 - CALIMA,ACUEDUCTO,ACUAFLORIDA ALTA,3166897185,VEREDA LA FLORIDA ALTA,UESVALLE - ARO TULUÁ,VICTOR HUGO TASCON,"REPRESENTANTE LEGAL BLANCA ENELIA HOYOS, SE TOMA MUESTRA DE F.Q. EN FRASCO AMBAR DE 1000 C.C. SE REALIZA ANALISIS DE COLOR APARENTE 0 PCU, SE TOMA MUESTRA EN FILTRO EKOFIL",12/05/2026,Tuluá,muestras_fichas_CONSOLIDADO_lote_20260526_1615.csv,20260526_1615,G:\.shortcut-targets-by-id\1yROfpmz8yE8ttn9XJ1jioWMULcTpV8XA\2026\Agua para consumo\Resultados_muestras\Control_Descargas\Lote_20260526_1615\muestras_fichas_CONSOLIDADO_lote_20260526_1615.csv,SI
Tulua,16551281,20260512-8298-VIG,12/05/2026,12/05/2026,2:45 PM,24/05/2026,Agua,VIG,UESVALLE - ARO TULUÁ,4,0,Finalizada,SI,15,12.0,Finalizada,Normal,27/05/2026,https://gestion-muestras.valledelcauca.gov.co/home/simple-list-samples,1,48,VIGILANCIA RUTINARIA,12/05/2026,01073,Agua tratada,76126,FILTRO EKOFIL,SEDE NUESTRA SEÑORA DEL CARMEN,76 - VALLE DEL CAUCA,76126 - CALIMA,RURAL,LA GAVIOTA,,QUEBRADA,QUEBRADA LA GAVIOTA,76 - VALLE DEL CAUCA,76126 - CALIMA,ACUEDUCTO,ACUEDUCTO RURAL LA GAVIOTA ALTA - ACUAGAVIOTA,3154123740,LA GAVIOTA ALTA,UESVALLE - ARO TULUÁ,VICTOR HUGO TASCON,REPRESENTANTE LEGAL EDUARDO JARAMILLO SE TOMA MUESTRA DE FQ EN FRASCO AMBAR DE 1000CC SE REALIZA ANALISIS DE COLOR APARENTE 0.0PCU SE TOMA MUESTRA DE FILTRO EKOFIL.,12/05/2026,Tuluá,muestras_fichas_CONSOLIDADO_lote_20260526_1615.csv,20260526_1615,G:\.shortcut-targets-by-id\1yROfpmz8yE8ttn9XJ1jioWMULcTpV8XA\2026\Agua para consumo\Resultados_muestras\Control_Descargas\Lote_20260526_1615\muestras_fichas_CONSOLIDADO_lote_20260526_1615.csv,SI
Tulua,16551281,20260512-8299-VIG,12/05/2026,12/05/2026,2:45 PM,24/05/2026,Agua,VIG,UESVALLE - ARO TULUÁ,4,0,Finalizada,SI,15,12.0,Finalizada,Normal,27/05/2026,https://gestion-muestras.valledelcauca.gov.co/home/simple-list-samples,1,47,VIGILANCIA RUTINARIA,12/05/2026,01074,Agua cruda,76126,FILTRO EKOFIL,VIVIENDA BLANCA E. HOYOS,76 - VALLE DEL CAUCA,76126 - CALIMA,RURAL,LA FLORIDA,,QUEBRADA,LA FLORESTA,76 - VALLE DEL CAUCA,76126 - CALIMA,ACUEDUCTO,ACUEDUCTO RURAL ACUAFLORIDA BAJA,3155180604,VEREDA LA FLORIDA BAJA,UESVALLE - ARO TULUÁ,VICTOR HUGO TASCON,REP LEGAL BLANCA ENELIA HOYOS SE TOMA MUESTRA DE FQ EN FRASCO AMBAR DE 1000 CC SE REALIZA ANALISIS DE COLOR APARENTE 10 PCV SE TOMA MUESTRA DE FILTRO EKOFIL.,12/05/2026,Tuluá,muestras_fichas_CONSOLIDADO_lote_20260526_1615.csv,20260526_1615,G:\.shortcut-targets-by-id\1yROfpmz8yE8ttn9XJ1jioWMULcTpV8XA\2026\Agua para consumo\Resultados_muestras\Control_Descargas\Lote_20260526_1615\muestras_fichas_CONSOLIDADO_lote_20260526_1615.csv,SI
Tulua,16551281,20260512-8300-VIG,12/05/2026,12/05/2026,2:45 PM,24/05/2026,Agua,VIG,UESVALLE - ARO TULUÁ,4,0,Finalizada,SI,15,12.0,Finalizada,Normal,27/05/2026,https://gestion-muestras.valledelcauca.gov.co/home/simple-list-samples,1,40,VIGILANCIA RUTINARIA,12/05/2026,01076,Agua cruda,76126-1,FILTRO EKOFIL,VIVIENDA GLADYS JOJOA,76 - VALLE DEL CAUCA,76126 - CALIMA,RURAL,GAVIOTA BAJA,,NACIMIENTO,LA LOMITA,76 - VALLE DEL CAUCA,76126 - CALIMA,ACUEDUCTO,ASOCIACION DE USUARIOS DEL ACUEDUCTO VEREDAL LA LOMITA BAJO GAVIOTA,3154585226,VDA LA GAVIOTA,UESVALLE - ARO TULUÁ,VICTOR HUGO TASCON,REP LEGAL LUIS SEGUNDO SE TOMA MUESTRA DE FQ EN FRASCO AMBAR DE 1000 C.C SE REALIZA ANALISIS DE COLOR APARENTE DPCU SE TOMA MUESTRA DE FILTRO EKOFIL,12/05/2026,Tuluá,muestras_fichas_CONSOLIDADO_lote_20260526_1615.csv,20260526_1615,G:\.shortcut-targets-by-id\1yROfpmz8yE8ttn9XJ1jioWMULcTpV8XA\2026\Agua para consumo\Resultados_muestras\Control_Descargas\Lote_20260526_1615\muestras_fichas_CONSOLIDADO_lote_20260526_1615.csv,SI
Tulua,16551281,20260512-8302-VIG,12/05/2026,12/05/2026,2:45 PM,24/05/2026,Agua,VIG,UESVALLE - ARO TULUÁ,4,0,Finalizada,SI,15,12.0,Finalizada,Normal,27/05/2026,https://gestion-muestras.valledelcauca.gov.co/home/simple-list-samples,1,43,VIGILANCIA RUTINARIA,12/05/2026,02574,Agua tratada,76122-1,grifo instalado en punto fijo,finca el porvenir,76 - VALLE DEL CAUCA,76122 - CAICEDONIA,RURAL,aures,,QUEBRADA,nogales,76 - VALLE DEL CAUCA,76122 - CAICEDONIA,ACUEDUCTO,ASOCIACION DE USUARIOS DEL ACUEDUCTO VEREDAL VILLA AURES-DABEIBA,3216096390,VDA AURES - EL ENCANTO,UESVALLE - ARO TULUÁ,natalia raigosa mEDINA,"la muestra PARA ANALISIS FISICOQUIMICO Y COLOR APARENTE SE TOMA EN ENVASE DE COLOR AMBAR DE 1000ML,color aparente 15 pcu representante legal esteban mejia el encargado manifiesta que ha llovido mucho en las ultimas horas",12/05/2026,Tuluá,muestras_fichas_CONSOLIDADO_lote_20260526_1615.csv,20260526_1615,G:\.shortcut-targets-by-id\1yROfpmz8yE8ttn9XJ1jioWMULcTpV8XA\2026\Agua para consumo\Resultados_muestras\Control_Descargas\Lote_20260526_1615\muestras_fichas_CONSOLIDADO_lote_20260526_1615.csv,SI
Tulua,16551281,20260512-8303-VIG,12/05/2026,12/05/2026,2:45 PM,24/05/2026,Agua,VIG,UESVALLE - ARO TULUÁ,4,0,Finalizada,SI,15,12.0,Finalizada,Normal,27/05/2026,https://gestion-muestras.valledelcauca.gov.co/home/simple-list-samples,1,44,VIGILANCIA RUTINARIA,12/05/2026,02572,Agua cruda,76122-2,"punto fijo, grifo instalado",iglesia pentecostal,76 - VALLE DEL CAUCA,76122 - CAICEDONIA,RURAL,burila,,QUEBRADA,BOSQUE Y EL GATO,76 - VALLE DEL CAUCA,76122 - CAICEDONIA,ACUEDUCTO,JUNTA ACCION COMUNAL VEREDA BURILA,3137150642,VEREDA BURILA,UESVALLE - ARO TULUÁ,NATALIA RAIGOSA MEDINA,LA MUESTRA PARA ANALISIS FISICO QUIMICO COLOR APAERENTE SE TOMA EN ENVASE COLOR AMBAR DE 1000ML COLOR APARENTE 217 PCV REP LEGAL JESUS GALLEGO NO HUBO ACOMPAÑAMIENTO,12/05/2026,Tuluá,muestras_fichas_CONSOLIDADO_lote_20260526_1615.csv,20260526_1615,G:\.shortcut-targets-by-id\1yROfpmz8yE8ttn9XJ1jioWMULcTpV8XA\2026\Agua para consumo\Resultados_muestras\Control_Descargas\Lote_20260526_1615\muestras_fichas_CONSOLIDADO_lote_20260526_1615.csv,SI
Tulua,16551281,20260512-8304-VIG,12/05/2026,12/05/2026,2:45 PM,24/05/2026,Agua,VIG,UESVALLE - ARO TULUÁ,4,0,Finalizada,SI,15,12.0,Finalizada,Normal,27/05/2026,https://gestion-muestras.valledelcauca.gov.co/home/simple-list-samples,1,41,VIGILANCIA RUTINARIA,12/05/2026,02576,Agua cruda,76122-2,filtro ekofil,escuela san gerardo alto,76 - VALLE DEL CAUCA,76122 - CAICEDONIA,RURAL,san gerardo alto,,QUEBRADA,delicia,76 - VALLE DEL CAUCA,76122 - CAICEDONIA,ACUEDUCTO,ASOCIACION DE USUARIOS DEL ACUEDUCTO DE LA VEREDA SAN GERARDO DE CAICEDONIA,3117278439,VDA SAN GERARDO ALTO,UESVALLE - ARO TULUÁ,natalia raigosa mEDINA,"la muestra PARA ANALISIS FISICOQUIMICO Y COLOR APARENTE SE TOMA EN ENVASE DE COLOR AMBAR DE 1000ML,color aparente 7 pcu representante legal william de jesus gallego no requiere analisis de cloro residual, muestra tomada en filtro ekofil",12/05/2026,Tuluá,muestras_fichas_CONSOLIDADO_lote_20260526_1615.csv,20260526_1615,G:\.shortcut-targets-by-id\1yROfpmz8yE8ttn9XJ1jioWMULcTpV8XA\2026\Agua para consumo\Resultados_muestras\Control_Descargas\Lote_20260526_1615\muestras_fichas_CONSOLIDADO_lote_20260526_1615.csv,SI
Tulua,16551281,20260512-8305-VIG,12/05/2026,12/05/2026,2:45 PM,24/05/2026,Agua,VIG,UESVALLE - ARO TULUÁ,4,0,Finalizada,SI,15,12.0,Finalizada,Normal,27/05/2026,https://gestion-muestras.valledelcauca.gov.co/home/simple-list-samples,1,42,VIGILANCIA RUTINARIA,12/05/2026,02573,Agua cruda,76122-1,"PUNTO FIJO, GRIFO INSTALADO",ESCUELA LA PAVA,76 - VALLE DEL CAUCA,76122 - CAICEDONIA,RURAL,LA PAVA,,QUEBRADA,LA TIGRESA,76 - VALLE DEL CAUCA,76122 - CAICEDONIA,ACUEDUCTO,JUNTA ADMINISTRADORA ACUEDUCTO LA PAVA,3218218521,LA PAVA,UESVALLE - ARO TULUÁ,NATALIA RAIGOSA MEDINA,LA MUESTRA PARA ANALISIS FISICO QUIMICO Y COLOR APARENTE SE TOMA EN ENVASE DE COLOR AMBAR DE 1000 ML COLOR APARENTE = 7PCU REPRESENTANTE LEGAL FRANCO JAVIER ZAPATA,12/05/2026,Tuluá,muestras_fichas_CONSOLIDADO_lote_20260526_1615.csv,20260526_1615,G:\.shortcut-targets-by-id\1yROfpmz8yE8ttn9XJ1jioWMULcTpV8XA\2026\Agua para consumo\Resultados_muestras\Control_Descargas\Lote_20260526_1615\muestras_fichas_CONSOLIDADO_lote_20260526_1615.csv,SI
Tulua,16551281,20260512-8309-VIG,12/05/2026,12/05/2026,2:45 PM,24/05/2026,Agua,VIG,UESVALLE - ARO TULUÁ,4,0,Finalizada,SI,15,12.0,Finalizada,Normal,27/05/2026,https://gestion-muestras.valledelcauca.gov.co/home/simple-list-samples,1,49,VIGILANCIA RUTINARIA,12/05/2026,02575,Agua tratada,76122-2,"GRIFO INSTALADO, PUNTO FIJO",CASA ALICIA RAMOS,76 - VALLE DEL CAUCA,76122 - CAICEDONIA,RURAL,LA DELFINA,,QUEBRADA,VASCONIA,76 - VALLE DEL CAUCA,76122 - CAICEDONIA,ACUEDUCTO,JUNTA ACUEDUCTO LA DELFINA,3184900108,LA DELFINA,UESVALLE - ARO TULUÁ,NATALIA RAIGOSA MEDINA,"LA MUESTRA PARA ANALISIS FISIOQUIMICO Y COLOR APARENTE SE TOMA EN ENVASE DE COLOR AMBAR DE 1000 ML, COLOR APARENTE 27 PCU, REPRESENTANTE LEGAL: OVIDIO SALGADO, LAS ULTIMAS HORAS PRESENTA MUCHA LLUVIA EN EL SECTOR",12/05/2026,Tuluá,muestras_fichas_CONSOLIDADO_lote_20260526_1615.csv,20260526_1615,G:\.shortcut-targets-by-id\1yROfpmz8yE8ttn9XJ1jioWMULcTpV8XA\2026\Agua para consumo\Resultados_muestras\Control_Descargas\Lote_20260526_1615\muestras_fichas_CONSOLIDADO_lote_20260526_1615.csv,SI
